Date,Price US$,Daily %,Monthly %
2/2/2004,148.36,,
2/3/2004,148.35,,
2/4/2004,149.15,,
2/5/2004,147.54,,
2/9/2004,147.66,,
2/10/2004,148.78,,
2/11/2004,147.96,,
2/12/2004,148.7,,
2/13/2004,139.83,,
2/16/2004,150.29,,
2/17/2004,148.08,,
2/18/2004,148.09,,
2/19/2004,147.03,,
2/20/2004,147.79,,
2/25/2004,148.31,,
2/26/2004,148.68,,
2/27/2004,150.67,,
3/1/2004,150.97,,
3/2/2004,150.41,,
3/3/2004,151.99,,
3/4/2004,152.15,,
3/5/2004,151.99,,
3/8/2004,154.11,,
3/9/2004,151.86,,
3/10/2004,151.8,,
3/11/2004,151.01,,
3/12/2004,151.04,,
3/15/2004,151.67,,
3/16/2004,152.54,,
3/17/2004,152.68,,
3/18/2004,155.09,,
3/19/2004,156.53,,
3/22/2004,154.33,,
3/23/2004,155.87,,
3/24/2004,161.35,,
3/25/2004,164.02,,
3/26/2004,165.79,,
3/29/2004,166.55,,
3/30/2004,167.2,,
3/31/2004,170.31,,
4/1/2004,172.89,,
4/2/2004,173.08,,
4/5/2004,177.11,,
4/6/2004,176.53,,
4/7/2004,179.41,,
4/8/2004,176.9,,
4/12/2004,183.39,,
4/13/2004,185.02,,
4/14/2004,186.43,,
4/15/2004,184.44,,
4/16/2004,187.67,,
4/19/2004,187.07,,
4/20/2004,186.38,,
4/22/2004,186.13,,
4/23/2004,186.65,,
4/26/2004,187.73,,
4/27/2004,186.3,,
4/28/2004,186.5,,
4/29/2004,184.7,,
4/30/2004,187.59,,
5/3/2004,182.37,,
5/4/2004,183.35,,
5/5/2004,187.53,,
5/6/2004,179.79,,
5/7/2004,181.08,,
5/10/2004,177.03,,
5/11/2004,177.72,,
5/12/2004,177.82,,
5/13/2004,177.18,,
5/14/2004,180.88,,
5/17/2004,180.2,,
5/18/2004,178.98,,
5/19/2004,182.38,,
5/20/2004,176.78,,
5/21/2004,180.71,,
5/24/2004,182.96,,
5/25/2004,184.0,,
5/26/2004,183.17,,
5/27/2004,184.94,,
5/28/2004,188.67,,
5/31/2004,185.08,,
6/1/2004,183.15,,
6/2/2004,186.43,,
6/3/2004,183.74,,
6/4/2004,186.13,,
6/7/2004,185.49,,
6/8/2004,182.98,,
6/9/2004,184.58,,
6/11/2004,183.29,,
6/14/2004,183.73,,
6/15/2004,184.13,,
6/16/2004,184.6,,
6/17/2004,184.33,,
6/18/2004,181.45,,
6/21/2004,182.11,,
6/22/2004,181.4,,
6/23/2004,180.23,,
6/24/2004,180.56,,
6/25/2004,177.03,,
6/28/2004,173.42,,
6/29/2004,173.34,,
6/30/2004,174.98,,
7/1/2004,174.53,,
7/2/2004,175.65,,
7/5/2004,175.1,,
7/6/2004,173.33,,
7/7/2004,173.05,,
7/8/2004,170.07,,
7/9/2004,170.8,,
7/12/2004,171.17,,
7/13/2004,169.33,,
7/14/2004,169.29,,
7/15/2004,170.23,,
7/16/2004,168.3,,
7/19/2004,168.61,,
7/20/2004,167.87,,
7/21/2004,165.88,,
7/22/2004,164.12,,
7/23/2004,164.59,,
7/26/2004,163.55,,
7/27/2004,161.41,,
7/28/2004,160.36,,
7/29/2004,156.43,,
7/30/2004,157.61,,
8/2/2004,154.2,,
8/3/2004,154.7,,
8/4/2004,152.25,,
8/5/2004,151.31,,
8/6/2004,151.78,,
8/9/2004,152.68,,
8/10/2004,149.61,,
8/11/2004,149.01,,
8/12/2004,148.64,,
8/13/2004,148.39,,
8/16/2004,149.14,,
8/17/2004,149.47,,
8/18/2004,149.8,,
8/19/2004,147.82,,
8/20/2004,148.39,,
8/23/2004,147.44,,
8/24/2004,149.04,,
8/25/2004,148.1,,
8/26/2004,145.67,,
8/27/2004,146.96,,
8/30/2004,144.18,,
8/31/2004,146.32,,
9/1/2004,145.63,,
9/2/2004,143.28,,
9/3/2004,143.84,,
9/6/2004,143.65,,
9/8/2004,142.19,,
9/9/2004,141.32,,
9/10/2004,140.46,,
9/13/2004,139.45,,
9/14/2004,139.54,,
9/15/2004,137.61,,
9/16/2004,139.06,,
9/17/2004,139.09,,
9/20/2004,138.7,,
9/21/2004,138.25,,
9/22/2004,136.29,,
9/23/2004,136.19,,
9/24/2004,134.76,,
9/27/2004,135.78,,
9/28/2004,136.5,,
9/29/2004,136.97,,
9/30/2004,135.48,,
10/1/2004,135.38,,
10/4/2004,136.56,,
10/5/2004,135.91,,
10/6/2004,135.98,,
10/7/2004,134.9,,
10/8/2004,135.49,,
10/11/2004,136.31,,
10/13/2004,135.54,,
10/14/2004,134.18,,
10/15/2004,134.56,,
10/18/2004,134.91,,
10/19/2004,134.83,,
10/20/2004,134.69,,
10/21/2004,134.23,,
10/22/2004,136.19,,
10/25/2004,134.58,,
10/26/2004,134.09,,
10/27/2004,134.84,,
10/28/2004,132.7,,
10/29/2004,133.73,,
11/1/2004,134.36,,
11/3/2004,136.05,,
11/4/2004,135.65,,
11/5/2004,135.33,,
11/8/2004,132.58,,
11/9/2004,132.6,,
11/10/2004,132.58,,
11/11/2004,133.07,,
11/12/2004,133.99,,
11/16/2004,135.76,,
11/17/2004,135.12,,
11/18/2004,133.93,,
11/19/2004,133.61,,
11/22/2004,132.43,,
11/23/2004,131.66,,
11/24/2004,130.6,,
11/25/2004,131.04,,
11/26/2004,131.01,,
11/29/2004,131.5,,
11/30/2004,131.64,,
12/1/2004,132.47,,
12/2/2004,130.87,,
12/3/2004,133.33,,
12/6/2004,129.79,,
12/7/2004,128.03,,
12/8/2004,125.95,,
12/9/2004,127.53,,
12/10/2004,127.93,,
12/13/2004,127.23,,
12/14/2004,128.69,,
12/15/2004,129.3,,
12/16/2004,128.81,,
12/17/2004,127.99,,
12/20/2004,130.6,,
12/21/2004,130.52,,
12/22/2004,129.5,,
12/23/2004,131.3,,
12/27/2004,130.62,,
12/28/2004,131.56,,
12/29/2004,132.41,,
12/30/2004,132.66,,
1/3/2005,130.89,,
1/4/2005,129.56,,
1/5/2005,130.04,,
1/6/2005,129.21,,
1/7/2005,128.82,,
1/10/2005,129.86,,
1/11/2005,128.47,,
1/12/2005,129.58,,
1/13/2005,130.22,,
1/14/2005,130.56,,
1/17/2005,129.59,,
1/18/2005,129.8,,
1/19/2005,129.19,,
1/20/2005,129.22,,
1/21/2005,129.13,,
1/24/2005,130.44,,
1/25/2005,130.39,,
1/26/2005,130.34,,
1/27/2005,130.68,,
1/28/2005,130.26,,
1/31/2005,132.57,,
2/1/2005,132.15,,
2/2/2005,131.39,,
2/3/2005,131.84,,
2/4/2005,131.87,,
2/9/2005,132.28,,
2/10/2005,131.73,,
2/11/2005,130.19,,
2/14/2005,132.56,,
2/15/2005,131.72,,
2/16/2005,130.78,,
2/17/2005,131.93,,
2/18/2005,132.56,,
2/21/2005,131.96,,
2/22/2005,131.06,,
2/23/2005,131.87,,
2/24/2005,129.72,,
2/25/2005,130.84,,
2/28/2005,133.06,,
3/1/2005,133.82,,
3/2/2005,132.99,,
3/3/2005,133.69,,
3/4/2005,138.91,,
3/7/2005,139.42,,
3/8/2005,141.66,,
3/9/2005,141.59,,
3/10/2005,144.76,,
3/11/2005,147.6,,
3/14/2005,146.31,,
3/15/2005,146.85,,
3/16/2005,149.2,,
3/17/2005,151.52,,
3/18/2005,153.78,,
3/21/2005,156.93,,
3/22/2005,163.86,,
3/23/2005,161.21,,
3/24/2005,161.36,,
3/28/2005,165.26,,
3/29/2005,166.45,,
3/30/2005,167.87,,
3/31/2005,168.53,,
4/1/2005,168.56,,
4/4/2005,170.1,,
4/5/2005,171.36,,
4/6/2005,172.66,,
4/7/2005,173.4,,
4/8/2005,174.01,,
4/11/2005,172.37,,
4/12/2005,174.16,,
4/13/2005,174.55,,
4/14/2005,173.0,,
4/15/2005,171.26,,
4/18/2005,170.61,,
4/19/2005,172.24,,
4/20/2005,172.23,,
4/22/2005,173.43,,
4/25/2005,176.51,,
4/26/2005,174.21,,
4/27/2005,173.42,,
4/28/2005,170.75,,
4/29/2005,172.9,,
5/2/2005,172.84,,
5/3/2005,172.89,,
5/4/2005,175.05,,
5/5/2005,174.5,,
5/6/2005,172.06,,
5/9/2005,174.31,,
5/10/2005,171.34,,
5/11/2005,172.56,,
5/12/2005,172.17,,
5/13/2005,167.93,,
5/16/2005,166.65,,
5/17/2005,165.48,,
5/18/2005,165.92,,
5/19/2005,166.22,,
5/20/2005,166.0,,
5/23/2005,166.32,,
5/24/2005,164.08,,
5/25/2005,164.42,,
5/27/2005,166.81,,
5/30/2005,166.19,,
5/31/2005,160.6,,
6/1/2005,157.5,,
6/2/2005,161.11,,
6/3/2005,160.13,,
6/6/2005,158.36,,
6/7/2005,157.12,,
6/8/2005,157.21,,
6/9/2005,154.21,,
6/10/2005,155.78,,
6/13/2005,157.02,,
6/14/2005,157.84,,
6/15/2005,156.38,,
6/16/2005,159.51,,
6/17/2005,159.73,,
6/20/2005,160.18,,
6/21/2005,161.26,,
6/22/2005,160.45,,
6/23/2005,157.57,,
6/24/2005,160.39,,
6/27/2005,158.96,,
6/28/2005,158.77,,
6/29/2005,160.22,,
6/30/2005,161.25,,
7/1/2005,159.5,,
7/4/2005,158.59,,
7/5/2005,156.94,,
7/6/2005,156.11,,
7/7/2005,155.98,,
7/8/2005,157.49,,
7/11/2005,160.31,,
7/12/2005,159.26,,
7/13/2005,158.04,,
7/14/2005,158.81,,
7/15/2005,158.98,,
7/18/2005,159.36,,
7/19/2005,159.03,,
7/20/2005,158.16,,
7/21/2005,157.06,,
7/22/2005,154.46,,
7/25/2005,150.67,,
7/26/2005,151.52,,
7/27/2005,152.04,,
7/28/2005,154.64,,
7/29/2005,155.7,,
8/1/2005,155.61,,
8/2/2005,158.85,,
8/3/2005,160.34,,
8/4/2005,161.24,,
8/5/2005,160.27,,
8/8/2005,158.71,,
8/9/2005,161.07,,
8/10/2005,162.03,,
8/11/2005,157.83,,
8/12/2005,155.0,,
8/15/2005,157.63,,
8/16/2005,155.27,,
8/17/2005,155.4,,
8/18/2005,152.41,,
8/19/2005,147.79,,
8/22/2005,151.11,,
8/23/2005,149.01,,
8/24/2005,147.03,,
8/25/2005,149.41,,
8/26/2005,147.49,,
8/29/2005,148.04,,
8/30/2005,147.99,,
8/31/2005,147.87,,
9/1/2005,145.13,,
9/2/2005,147.42,,
9/5/2005,145.88,,
9/6/2005,147.42,,
9/8/2005,147.26,,
9/9/2005,147.89,,
9/12/2005,146.63,,
9/13/2005,144.85,,
9/14/2005,143.63,,
9/15/2005,146.1,,
9/16/2005,146.22,,
9/19/2005,146.26,,
9/20/2005,144.78,,
9/21/2005,145.61,,
9/22/2005,145.52,,
9/23/2005,145.81,,
9/26/2005,146.19,,
9/27/2005,145.24,,
9/28/2005,146.4,,
9/29/2005,145.69,,
9/30/2005,145.6,,
10/3/2005,144.96,,
10/4/2005,143.19,,
10/5/2005,141.69,,
10/6/2005,140.19,,
10/7/2005,144.02,,
10/10/2005,143.57,,
10/11/2005,144.41,,
10/13/2005,142.61,,
10/14/2005,142.7,,
10/17/2005,141.99,,
10/18/2005,142.56,,
10/19/2005,142.18,,
10/20/2005,142.78,,
10/21/2005,141.98,,
10/24/2005,142.45,,
10/25/2005,142.83,,
10/26/2005,140.96,,
10/27/2005,141.6,,
10/28/2005,142.61,,
10/31/2005,142.87,,
11/1/2005,145.14,,
11/3/2005,147.47,,
11/4/2005,148.05,,
11/7/2005,149.13,,
11/8/2005,149.13,,
11/9/2005,150.64,,
11/10/2005,151.07,,
11/11/2005,152.04,,
11/14/2005,148.86,,
11/16/2005,149.07,,
11/17/2005,150.71,,
11/18/2005,148.05,,
11/21/2005,150.31,,
11/22/2005,148.99,,
11/23/2005,150.95,,
11/24/2005,149.84,,
11/25/2005,151.26,,
11/28/2005,153.62,,
11/29/2005,153.05,,
11/30/2005,152.0,,
12/1/2005,151.75,,
12/2/2005,154.05,,
12/5/2005,157.23,,
12/6/2005,158.58,,
12/7/2005,158.88,,
12/8/2005,155.51,,
12/9/2005,153.31,,
12/12/2005,154.18,,
12/13/2005,153.87,,
12/14/2005,155.85,,
12/15/2005,154.18,,
12/16/2005,151.45,,
12/19/2005,150.63,,
12/20/2005,150.73,,
12/21/2005,153.81,,
12/22/2005,152.89,,
12/23/2005,153.63,,
12/26/2005,149.72,,
12/27/2005,150.17,,
12/28/2005,148.83,,
12/29/2005,152.72,,
1/2/2006,152.85,,
1/3/2006,144.91,,
1/4/2006,153.87,,
1/5/2006,149.29,,
1/6/2006,158.21,,
1/9/2006,162.8,,
1/10/2006,158.4,,
1/11/2006,154.92,,
1/12/2006,156.83,,
1/13/2006,157.57,,
1/16/2006,157.52,,
1/17/2006,155.03,,
1/18/2006,154.92,,
1/19/2006,155.32,,
1/20/2006,157.39,,
1/23/2006,158.35,,
1/24/2006,160.16,,
1/25/2006,160.01,,
1/26/2006,160.54,,
1/27/2006,162.31,,
1/30/2006,162.3,,
1/31/2006,162.03,,
2/1/2006,158.57,,
2/2/2006,159.58,,
2/3/2006,160.11,,
2/6/2006,163.41,,
2/7/2006,162.24,,
2/8/2006,162.25,,
2/9/2006,161.89,,
2/10/2006,163.77,,
2/13/2006,165.39,,
2/14/2006,165.08,,
2/15/2006,164.28,,
2/16/2006,167.02,,
2/17/2006,165.78,,
2/20/2006,166.72,,
2/21/2006,162.39,,
2/22/2006,164.57,,
2/23/2006,163.22,,
2/24/2006,163.74,,
3/1/2006,166.02,,
3/2/2006,167.32,,
3/3/2006,166.86,,
3/6/2006,164.07,,
3/7/2006,161.72,,
3/8/2006,159.82,,
3/9/2006,162.21,,
3/10/2006,163.73,,
3/13/2006,165.51,,
3/14/2006,164.39,,
3/15/2006,164.11,,
3/16/2006,166.32,,
3/17/2006,165.69,,
3/20/2006,163.85,,
3/21/2006,160.59,,
3/22/2006,161.19,,
3/23/2006,156.0,,
3/24/2006,155.56,,
3/27/2006,154.97,,
3/28/2006,153.2,,
3/29/2006,151.96,,
3/30/2006,153.86,,
3/31/2006,155.2,,
4/3/2006,158.33,,
4/4/2006,160.24,,
4/5/2006,159.23,,
4/6/2006,159.24,,
4/7/2006,156.94,,
4/10/2006,157.19,,
4/11/2006,158.53,,
4/12/2006,159.26,,
4/13/2006,159.16,,
4/17/2006,159.57,,
4/18/2006,160.51,,
4/19/2006,160.97,,
4/20/2006,160.3,,
4/24/2006,160.33,,
4/25/2006,159.69,,
4/26/2006,161.78,,
4/27/2006,162.0,,
4/28/2006,162.86,,
5/2/2006,162.86,,
5/3/2006,162.46,,
5/4/2006,162.05,,
5/5/2006,163.12,,
5/8/2006,161.94,,
5/9/2006,162.99,,
5/10/2006,163.42,,
5/11/2006,162.3,,
5/12/2006,159.54,,
5/15/2006,157.94,,
5/16/2006,160.74,,
5/17/2006,155.47,,
5/18/2006,157.79,,
5/19/2006,157.4,,
5/22/2006,150.36,,
5/23/2006,150.79,,
5/24/2006,145.57,,
5/25/2006,153.13,,
5/26/2006,152.68,,
5/29/2006,150.96,,
5/30/2006,151.06,,
5/31/2006,151.43,,
6/1/2006,155.06,,
6/2/2006,155.66,,
6/5/2006,158.37,,
6/6/2006,158.92,,
6/7/2006,160.21,,
6/8/2006,157.86,,
6/9/2006,157.36,,
6/12/2006,157.91,,
6/13/2006,160.83,,
6/14/2006,160.91,,
6/16/2006,163.98,,
6/19/2006,163.62,,
6/20/2006,164.19,,
6/21/2006,167.25,,
6/22/2006,166.96,,
6/23/2006,168.43,,
6/26/2006,167.59,,
6/27/2006,166.48,,
6/28/2006,167.36,,
6/29/2006,171.68,,
6/30/2006,171.57,,
7/3/2006,172.38,,
7/4/2006,174.33,,
7/5/2006,172.27,,
7/6/2006,174.85,,
7/7/2006,174.27,,
7/10/2006,174.46,,
7/11/2006,174.05,,
7/12/2006,174.41,,
7/13/2006,172.12,,
7/14/2006,170.99,,
7/17/2006,172.14,,
7/18/2006,172.32,,
7/19/2006,172.26,,
7/20/2006,173.2,,
7/21/2006,172.21,,
7/24/2006,172.79,,
7/25/2006,173.0,,
7/26/2006,174.59,,
7/27/2006,174.64,,
7/28/2006,174.54,,
7/31/2006,176.47,,
8/1/2006,174.85,,
8/2/2006,176.58,,
8/3/2006,177.1,,
8/4/2006,176.95,,
8/7/2006,177.62,,
8/8/2006,179.62,,
8/9/2006,181.39,,
8/10/2006,182.28,,
8/11/2006,182.31,,
8/14/2006,181.8,,
8/15/2006,184.49,,
8/16/2006,184.15,,
8/17/2006,184.58,,
8/18/2006,184.27,,
8/21/2006,183.47,,
8/22/2006,182.41,,
8/23/2006,181.86,,
8/24/2006,183.38,,
8/25/2006,182.05,,
8/28/2006,181.92,,
8/29/2006,186.55,,
8/30/2006,182.88,,
8/31/2006,184.73,,
9/1/2006,184.08,,
9/4/2006,187.06,,
9/5/2006,185.52,,
9/6/2006,183.49,,
9/8/2006,184.0,,
9/11/2006,183.0,,
9/12/2006,184.11,,
9/13/2006,187.88,,
9/14/2006,186.75,,
9/15/2006,189.65,,
9/18/2006,188.88,,
9/19/2006,190.74,,
9/20/2006,188.61,,
9/21/2006,188.35,,
9/22/2006,190.54,,
9/25/2006,192.67,,
9/26/2006,195.86,,
9/27/2006,196.7,,
9/28/2006,200.36,,
9/29/2006,201.45,,
10/2/2006,205.88,,
10/3/2006,205.27,,
10/4/2006,210.53,,
10/5/2006,212.68,,
10/6/2006,219.46,,
10/9/2006,225.82,,
10/10/2006,224.11,,
10/11/2006,228.3,,
10/13/2006,226.17,,
10/16/2006,210.25,,
10/17/2006,234.67,,
10/18/2006,235.45,,
10/19/2006,240.22,,
10/20/2006,242.71,,
10/23/2006,243.36,,
10/24/2006,245.01,,
10/25/2006,243.41,,
10/26/2006,246.05,,
10/27/2006,246.02,,
10/30/2006,244.04,,
10/31/2006,245.02,,
11/1/2006,245.49,,
11/3/2006,245.49,,
11/6/2006,245.31,,
11/7/2006,245.09,,
11/8/2006,242.36,,
11/9/2006,242.46,,
11/10/2006,239.73,,
11/13/2006,236.83,,
11/14/2006,237.24,,
11/16/2006,237.43,,
11/17/2006,236.26,,
11/20/2006,236.46,,
11/21/2006,234.9,,
11/22/2006,232.75,,
11/23/2006,231.64,,
11/24/2006,229.98,,
11/27/2006,227.75,,
11/28/2006,227.66,,
11/29/2006,228.79,,
11/30/2006,229.4,,
12/1/2006,228.81,,
12/4/2006,228.79,,
12/5/2006,228.73,,
12/6/2006,228.31,,
12/7/2006,228.81,,
12/8/2006,226.37,,
12/11/2006,227.61,,
12/12/2006,224.98,,
12/13/2006,225.03,,
12/14/2006,223.81,,
12/15/2006,223.9,,
12/18/2006,222.57,,
12/19/2006,221.38,,
12/20/2006,221.53,,
12/21/2006,219.63,,
12/22/2006,222.49,,
12/26/2006,222.91,,
12/27/2006,222.27,,
12/28/2006,221.99,,
1/2/2007,220.42,,
1/3/2007,222.13,,
1/4/2007,222.52,,
1/5/2007,221.47,,
1/8/2007,221.73,,
1/9/2007,221.72,,
1/10/2007,221.01,,
1/11/2007,221.71,,
1/12/2007,225.17,,
1/15/2007,224.38,,
1/16/2007,223.15,,
1/17/2007,223.64,,
1/18/2007,221.38,,
1/19/2007,222.5,,
1/22/2007,222.09,,
1/23/2007,222.6,,
1/24/2007,222.77,,
1/25/2007,222.57,,
1/26/2007,221.43,,
1/29/2007,221.82,,
1/30/2007,222.58,,
1/31/2007,223.13,,
2/1/2007,224.6,,
2/2/2007,225.25,,
2/5/2007,225.7,,
2/6/2007,225.16,,
2/7/2007,223.19,,
2/8/2007,223.52,,
2/9/2007,221.16,,
2/12/2007,221.05,,
2/13/2007,221.34,,
2/14/2007,222.11,,
2/15/2007,221.7,,
2/16/2007,222.11,,
2/21/2007,221.97,,
2/22/2007,221.45,,
2/23/2007,220.43,,
2/26/2007,220.26,,
2/27/2007,216.6,,
2/28/2007,216.53,,
3/1/2007,217.67,,
3/2/2007,210.2,,
3/5/2007,214.65,,
3/6/2007,218.41,,
3/7/2007,219.59,,
3/8/2007,218.46,,
3/9/2007,219.89,,
3/12/2007,223.38,,
3/13/2007,221.91,,
3/14/2007,222.93,,
3/15/2007,222.07,,
3/16/2007,223.24,,
3/19/2007,225.99,,
3/20/2007,226.8,,
3/21/2007,228.41,,
3/22/2007,227.18,,
3/23/2007,226.82,,
3/26/2007,227.58,,
3/27/2007,227.17,,
3/28/2007,227.63,,
3/29/2007,229.36,,
3/30/2007,219.8,,
4/2/2007,229.37,,
4/3/2007,231.76,,
4/4/2007,232.2,,
4/5/2007,232.75,,
4/9/2007,233.6,,
4/10/2007,233.08,,
4/11/2007,233.64,,
4/12/2007,234.88,,
4/13/2007,236.78,,
4/16/2007,235.24,,
4/17/2007,234.06,,
4/18/2007,235.26,,
4/19/2007,236.75,,
4/20/2007,237.44,,
4/23/2007,238.51,,
4/24/2007,241.11,,
4/25/2007,241.08,,
4/26/2007,239.58,,
4/27/2007,239.38,,
4/30/2007,239.85,,
5/2/2007,241.31,,
5/3/2007,245.97,,
5/4/2007,245.36,,
5/7/2007,247.76,,
5/8/2007,248.02,,
5/9/2007,248.06,,
5/10/2007,247.11,,
5/11/2007,245.12,,
5/14/2007,247.32,,
5/15/2007,251.2,,
5/16/2007,254.42,,
5/17/2007,255.29,,
5/18/2007,253.7,,
5/21/2007,256.58,,
5/22/2007,254.53,,
5/23/2007,253.37,,
5/24/2007,251.27,,
5/25/2007,253.4,,
5/28/2007,255.48,,
5/29/2007,253.96,,
5/30/2007,254.93,,
5/31/2007,256.94,,
6/1/2007,258.97,,
6/4/2007,255.43,,
6/5/2007,253.46,,
6/6/2007,252.32,,
6/8/2007,252.93,,
6/11/2007,254.22,,
6/12/2007,252.43,,
6/13/2007,252.59,,
6/14/2007,256.24,,
6/15/2007,258.65,,
6/18/2007,259.61,,
6/19/2007,260.87,,
6/20/2007,257.6,,
6/21/2007,259.99,,
6/22/2007,256.64,,
6/25/2007,256.06,,
6/26/2007,255.68,,
6/27/2007,256.64,,
6/28/2007,259.48,,
6/29/2007,258.38,,
7/2/2007,260.65,,
7/3/2007,261.68,,
7/4/2007,262.3,,
7/5/2007,261.63,,
7/6/2007,263.43,,
7/9/2007,263.39,,
7/10/2007,264.58,,
7/11/2007,264.85,,
7/12/2007,268.63,,
7/13/2007,270.4,,
7/16/2007,270.5,,
7/17/2007,271.55,,
7/18/2007,271.84,,
7/19/2007,272.54,,
7/20/2007,272.2,,
7/23/2007,274.79,,
7/24/2007,272.38,,
7/25/2007,271.95,,
7/26/2007,263.07,,
7/27/2007,270.43,,
7/30/2007,273.58,,
7/31/2007,274.42,,
8/1/2007,275.41,,
8/2/2007,278.71,,
8/3/2007,275.74,,
8/6/2007,276.31,,
8/7/2007,278.37,,
8/8/2007,283.9,,
8/9/2007,278.9,,
8/10/2007,274.23,,
8/13/2007,277.8,,
8/14/2007,273.85,,
8/15/2007,274.03,,
8/16/2007,267.73,,
8/17/2007,278.33,,
8/20/2007,279.19,,
8/21/2007,281.06,,
8/22/2007,286.43,,
8/23/2007,292.58,,
8/24/2007,301.03,,
8/27/2007,303.89,,
8/28/2007,298.47,,
8/29/2007,304.44,,
8/30/2007,306.74,,
8/31/2007,307.82,,
9/3/2007,308.7,,
9/4/2007,314.6,,
9/5/2007,314.47,,
9/6/2007,322.03,,
9/10/2007,323.01,,
9/11/2007,330.18,,
9/12/2007,335.08,,
9/13/2007,332.52,,
9/14/2007,333.45,,
9/17/2007,331.61,,
9/18/2007,338.36,,
9/19/2007,339.12,,
9/20/2007,334.72,,
9/21/2007,334.24,,
9/24/2007,335.15,,
9/25/2007,333.33,,
9/26/2007,339.29,,
9/27/2007,340.82,,
9/28/2007,345.85,,
10/1/2007,345.12,,
10/2/2007,341.66,,
10/3/2007,341.94,,
10/4/2007,345.21,,
10/5/2007,348.48,,
10/8/2007,344.88,,
10/9/2007,346.73,,
10/10/2007,344.28,,
10/11/2007,341.82,,
10/15/2007,338.13,,
10/16/2007,337.84,,
10/17/2007,336.17,,
10/18/2007,339.07,,
10/19/2007,332.76,,
10/22/2007,328.7,,
10/23/2007,330.79,,
10/24/2007,329.15,,
10/25/2007,331.89,,
10/26/2007,334.21,,
10/29/2007,333.12,,
10/30/2007,333.47,,
10/31/2007,336.56,,
11/1/2007,331.48,,
11/5/2007,329.83,,
11/6/2007,331.31,,
11/7/2007,330.68,,
11/8/2007,330.25,,
11/9/2007,329.4,,
11/12/2007,324.89,,
11/13/2007,322.59,,
11/14/2007,329.05,,
11/16/2007,325.1,,
11/19/2007,318.94,,
11/20/2007,318.97,,
11/21/2007,315.96,,
11/22/2007,315.44,,
11/23/2007,306.53,,
11/26/2007,301.73,,
11/27/2007,298.91,,
11/28/2007,307.57,,
11/29/2007,308.49,,
11/30/2007,311.6,,
12/3/2007,316.29,,
12/4/2007,318.31,,
12/5/2007,319.34,,
12/6/2007,321.82,,
12/7/2007,328.96,,
12/10/2007,329.16,,
12/11/2007,333.07,,
12/12/2007,331.7,,
12/13/2007,330.64,,
12/14/2007,328.05,,
12/17/2007,325.86,,
12/18/2007,328.36,,
12/19/2007,336.57,,
12/20/2007,337.85,,
12/21/2007,341.87,,
12/26/2007,348.96,,
12/27/2007,348.26,,
12/28/2007,346.24,,
1/2/2008,347.96,,
1/3/2008,353.77,,
1/4/2008,353.04,,
1/7/2008,352.23,,
1/8/2008,355.99,,
1/9/2008,354.88,,
1/10/2008,358.82,,
1/11/2008,360.51,,
1/14/2008,368.61,,
1/15/2008,368.33,,
1/16/2008,362.38,,
1/17/2008,360.43,,
1/18/2008,362.63,,
1/21/2008,351.38,,
1/22/2008,358.59,,
1/23/2008,351.7,,
1/24/2008,362.8,,
1/25/2008,360.6,,
1/28/2008,361.04,,
1/29/2008,360.91,,
1/30/2008,362.67,,
1/31/2008,368.46,,
2/1/2008,371.98,,
2/6/2008,368.29,,
2/7/2008,368.42,,
2/8/2008,365.54,,
2/11/2008,370.85,,
2/12/2008,374.37,,
2/13/2008,377.62,,
2/14/2008,376.27,,
2/15/2008,376.84,,
2/18/2008,380.95,,
2/20/2008,388.15,,
2/21/2008,391.12,,
2/22/2008,393.59,,
2/25/2008,394.75,,
2/26/2008,400.14,,
2/27/2008,404.76,,
2/28/2008,407.61,,
2/29/2008,404.2,,
3/3/2008,412.06,,
3/4/2008,410.38,,
3/5/2008,416.0,,
3/6/2008,421.93,,
3/7/2008,423.92,,
3/10/2008,421.42,,
3/11/2008,430.26,,
3/12/2008,435.48,,
3/13/2008,432.43,,
3/14/2008,428.56,,
3/17/2008,430.07,,
3/18/2008,442.44,,
3/19/2008,434.56,,
3/20/2008,433.03,,
3/24/2008,431.01,,
3/25/2008,437.55,,
3/26/2008,441.38,,
3/27/2008,441.31,,
3/28/2008,440.79,,
3/31/2008,438.11,,
4/1/2008,443.55,,
4/2/2008,448.69,,
4/3/2008,455.11,,
4/4/2008,453.73,,
4/7/2008,456.02,,
4/8/2008,456.01,,
4/9/2008,459.89,,
4/10/2008,462.33,,
4/11/2008,459.95,,
4/14/2008,460.17,,
4/15/2008,458.27,,
4/16/2008,461.89,,
4/17/2008,465.18,,
4/18/2008,463.59,,
4/22/2008,461.83,,
4/23/2008,466.02,,
4/24/2008,462.05,,
4/25/2008,463.68,,
4/28/2008,458.43,,
4/29/2008,453.89,,
4/30/2008,465.49,,
5/2/2008,463.97,,
5/5/2008,463.69,,
5/6/2008,463.82,,
5/7/2008,456.16,,
5/8/2008,455.53,,
5/9/2008,459.8,,
5/12/2008,467.07,,
5/13/2008,467.83,,
5/14/2008,465.0,,
5/15/2008,463.64,,
5/16/2008,468.37,,
5/19/2008,465.99,,
5/20/2008,464.98,,
5/21/2008,462.8,,
5/23/2008,461.3,,
5/26/2008,462.52,,
5/27/2008,456.46,,
5/28/2008,458.63,,
5/29/2008,465.38,,
5/30/2008,466.4,,
6/2/2008,463.91,,
6/3/2008,461.45,,
6/4/2008,459.67,,
6/5/2008,457.86,,
6/6/2008,453.93,,
6/9/2008,454.89,,
6/10/2008,449.09,,
6/11/2008,448.21,,
6/12/2008,449.07,,
6/13/2008,449.03,,
6/16/2008,450.38,,
6/17/2008,454.38,,
6/18/2008,453.81,,
6/19/2008,453.66,,
6/20/2008,453.42,,
6/23/2008,451.7,,
6/24/2008,455.03,,
6/25/2008,459.5,,
6/26/2008,454.97,,
6/27/2008,457.24,,
6/30/2008,456.95,,
7/1/2008,454.77,,
7/2/2008,453.87,,
7/3/2008,451.27,,
7/4/2008,452.71,,
7/7/2008,456.26,,
7/8/2008,448.47,,
7/9/2008,447.04,,
7/10/2008,442.8,,
7/11/2008,443.43,,
7/14/2008,442.47,,
7/15/2008,441.82,,
7/16/2008,432.54,,
7/17/2008,427.64,,
7/18/2008,425.77,,
7/21/2008,421.99,,
7/22/2008,412.56,,
7/23/2008,407.18,,
7/24/2008,405.73,,
7/25/2008,405.31,,
7/28/2008,395.87,,
7/29/2008,391.55,,
7/30/2008,390.79,,
7/31/2008,388.46,,
8/1/2008,386.17,,
8/4/2008,382.16,,
8/5/2008,374.39,,
8/6/2008,370.36,,
8/7/2008,362.42,,
8/8/2008,356.64,,
8/11/2008,350.94,,
8/12/2008,346.92,,
8/13/2008,339.06,,
8/14/2008,333.48,,
8/15/2008,328.63,,
8/18/2008,327.63,,
8/19/2008,324.86,,
8/20/2008,323.96,,
8/21/2008,324.47,,
8/22/2008,318.64,,
8/25/2008,314.59,,
8/26/2008,313.33,,
8/27/2008,312.2,,
8/28/2008,309.3,,
8/29/2008,308.89,,
9/1/2008,302.9,,
9/2/2008,300.02,,
9/3/2008,295.63,,
9/4/2008,290.38,,
9/5/2008,290.91,,
9/8/2008,285.83,,
9/9/2008,279.96,,
9/10/2008,278.29,,
9/11/2008,272.54,,
9/12/2008,277.04,,
9/15/2008,271.93,,
9/16/2008,270.32,,
9/17/2008,263.57,,
9/18/2008,254.57,,
9/19/2008,266.43,,
9/22/2008,274.07,,
9/23/2008,267.1,,
9/24/2008,262.57,,
9/25/2008,268.18,,
9/26/2008,262.51,,
9/29/2008,247.81,,
9/30/2008,254.54,,
10/1/2008,251.78,,
10/2/2008,239.56,,
10/3/2008,238.6,,
10/6/2008,221.69,,
10/7/2008,210.97,,
10/8/2008,214.31,,
10/9/2008,224.35,,
10/10/2008,213.77,,
10/13/2008,231.07,,
10/14/2008,234.48,,
10/15/2008,227.68,,
10/16/2008,227.59,,
10/17/2008,232.7,,
10/20/2008,232.5,,
10/21/2008,219.93,,
10/22/2008,205.32,,
10/23/2008,211.86,,
10/24/2008,209.41,,
10/27/2008,216.71,,
10/28/2008,221.39,,
10/29/2008,226.09,,
10/30/2008,230.31,,
10/31/2008,223.49,,
11/3/2008,222.81,,
11/4/2008,228.56,,
11/5/2008,228.49,,
11/6/2008,212.56,,
11/7/2008,222.62,,
11/10/2008,218.75,,
11/11/2008,214.91,,
11/12/2008,208.01,,
11/13/2008,198.89,,
11/14/2008,208.4,,
11/17/2008,207.32,,
11/18/2008,202.19,,
11/19/2008,196.28,,
11/20/2008,194.53,,
11/21/2008,189.54,,
11/24/2008,200.8,,
11/25/2008,199.76,,
11/26/2008,205.29,,
11/27/2008,203.17,,
11/28/2008,199.27,,
12/1/2008,198.39,,
12/2/2008,191.4,,
12/3/2008,186.07,,
12/4/2008,180.54,,
12/5/2008,183.79,,
12/8/2008,182.22,,
12/9/2008,183.96,,
12/10/2008,187.62,,
12/11/2008,194.28,,
12/12/2008,193.14,,
12/15/2008,192.4,,
12/16/2008,192.77,,
12/17/2008,194.77,,
12/18/2008,193.26,,
12/19/2008,193.28,,
12/22/2008,191.55,,
12/23/2008,193.76,,
12/26/2008,190.26,,
12/29/2008,189.69,,
12/30/2008,198.22,,
1/2/2009,190.08,,
1/5/2009,209.17,,
1/6/2009,221.7,,
1/7/2009,215.22,,
1/8/2009,209.56,,
1/9/2009,217.42,,
1/12/2009,215.66,,
1/13/2009,214.48,,
1/14/2009,216.47,,
1/15/2009,213.7,,
1/16/2009,218.64,,
1/19/2009,218.58,,
1/20/2009,215.17,,
1/21/2009,217.88,,
1/22/2009,219.73,,
1/23/2009,218.72,,
1/26/2009,221.92,,
1/27/2009,220.58,,
1/28/2009,227.15,,
1/29/2009,227.16,,
1/30/2009,224.49,,
2/2/2009,225.36,,
2/3/2009,227.24,,
2/4/2009,229.98,,
2/5/2009,234.2,,
2/6/2009,240.09,,
2/9/2009,240.78,,
2/10/2009,234.64,,
2/11/2009,234.71,,
2/12/2009,236.41,,
2/13/2009,239.59,,
2/16/2009,238.73,,
2/17/2009,234.65,,
2/18/2009,231.58,,
2/19/2009,230.44,,
2/20/2009,225.33,,
2/25/2009,227.37,,
2/26/2009,229.52,,
2/27/2009,226.95,,
3/2/2009,219.38,,
3/3/2009,222.34,,
3/4/2009,225.68,,
3/5/2009,225.13,,
3/6/2009,225.74,,
3/9/2009,225.87,,
3/10/2009,226.55,,
3/11/2009,225.69,,
3/12/2009,229.37,,
3/13/2009,229.42,,
3/16/2009,230.57,,
3/17/2009,229.31,,
3/18/2009,231.62,,
3/19/2009,232.11,,
3/20/2009,230.75,,
3/23/2009,232.16,,
3/24/2009,231.86,,
3/25/2009,229.33,,
3/26/2009,230.76,,
3/27/2009,224.96,,
3/30/2009,220.38,,
3/31/2009,221.59,,
4/1/2009,225.17,,
4/2/2009,229.04,,
4/3/2009,232.32,,
4/6/2009,231.77,,
4/7/2009,232.78,,
4/8/2009,233.9,,
4/9/2009,238.36,,
4/13/2009,236.9,,
4/14/2009,234.98,,
4/15/2009,234.31,,
4/16/2009,236.47,,
4/17/2009,237.77,,
4/20/2009,229.61,,
4/22/2009,233.97,,
4/23/2009,232.02,,
4/24/2009,235.87,,
4/27/2009,232.72,,
4/28/2009,234.46,,
4/29/2009,237.13,,
4/30/2009,234.85,,
5/4/2009,241.64,,
5/5/2009,239.32,,
5/6/2009,243.88,,
5/7/2009,246.01,,
5/8/2009,249.16,,
5/11/2009,250.08,,
5/12/2009,248.95,,
5/13/2009,244.01,,
5/14/2009,246.85,,
5/15/2009,243.39,,
5/18/2009,248.26,,
5/19/2009,251.91,,
5/20/2009,253.69,,
5/21/2009,252.02,,
5/22/2009,253.14,,
5/25/2009,254.32,,
5/26/2009,256.54,,
5/27/2009,256.14,,
5/28/2009,256.74,,
5/29/2009,262.42,,
6/1/2009,264.6,,
6/2/2009,269.23,,
6/3/2009,262.36,,
6/4/2009,265.08,,
6/5/2009,263.41,,
6/8/2009,262.56,,
6/9/2009,266.82,,
6/10/2009,265.14,,
6/12/2009,267.0,,
6/15/2009,264.34,,
6/16/2009,262.23,,
6/17/2009,261.63,,
6/18/2009,259.75,,
6/19/2009,260.98,,
6/22/2009,254.43,,
6/23/2009,259.97,,
6/24/2009,259.96,,
6/25/2009,262.97,,
6/26/2009,263.43,,
6/29/2009,260.27,,
6/30/2009,259.94,,
7/1/2009,264.58,,
7/2/2009,261.03,,
7/3/2009,261.82,,
7/6/2009,261.31,,
7/7/2009,255.33,,
7/8/2009,253.75,,
7/9/2009,254.2,,
7/10/2009,253.62,,
7/13/2009,257.68,,
7/14/2009,259.08,,
7/15/2009,262.14,,
7/16/2009,264.0,,
7/17/2009,263.49,,
7/20/2009,266.73,,
7/21/2009,265.87,,
7/22/2009,264.93,,
7/23/2009,267.84,,
7/24/2009,266.13,,
7/27/2009,268.7,,
7/28/2009,266.8,,
7/29/2009,264.13,,
7/30/2009,266.95,,
7/31/2009,268.02,,
8/3/2009,271.87,,
8/4/2009,270.88,,
8/5/2009,271.76,,
8/6/2009,266.66,,
8/7/2009,267.67,,
8/10/2009,262.72,,
8/11/2009,260.38,,
8/12/2009,260.95,,
8/13/2009,261.34,,
8/14/2009,258.52,,
8/17/2009,255.31,,
8/18/2009,258.79,,
8/19/2009,257.5,,
8/20/2009,257.17,,
8/21/2009,258.05,,
8/24/2009,252.91,,
8/25/2009,249.37,,
8/26/2009,248.94,,
8/27/2009,248.18,,
8/28/2009,245.94,,
8/31/2009,246.81,,
9/1/2009,242.9,,
9/2/2009,243.75,,
9/3/2009,247.38,,
9/4/2009,250.69,,
9/8/2009,253.36,,
9/9/2009,250.9,,
9/10/2009,253.99,,
9/11/2009,253.06,,
9/14/2009,254.58,,
9/15/2009,255.56,,
9/16/2009,259.17,,
9/17/2009,259.0,,
9/18/2009,256.99,,
9/21/2009,255.64,,
9/22/2009,259.0,,
9/23/2009,261.81,,
9/24/2009,259.34,,
9/25/2009,262.03,,
9/28/2009,265.61,,
9/29/2009,260.51,,
9/30/2009,263.97,,
10/1/2009,262.82,,
10/2/2009,261.23,,
10/5/2009,262.98,,
10/6/2009,266.23,,
10/7/2009,264.27,,
10/8/2009,264.55,,
10/9/2009,263.34,,
10/13/2009,264.53,,
10/14/2009,268.12,,
10/15/2009,267.76,,
10/16/2009,270.68,,
10/19/2009,271.72,,
10/20/2009,267.6,,
10/21/2009,271.03,,
10/22/2009,270.48,,
10/23/2009,271.73,,
10/26/2009,268.19,,
10/27/2009,270.11,,
10/28/2009,266.6,,
10/29/2009,269.26,,
10/30/2009,265.58,,
11/3/2009,266.77,,
11/4/2009,268.24,,
11/5/2009,269.35,,
11/6/2009,272.13,,
11/9/2009,276.51,,
11/10/2009,275.09,,
11/11/2009,273.08,,
11/12/2009,271.73,,
11/13/2009,273.44,,
11/16/2009,272.94,,
11/17/2009,269.19,,
11/18/2009,269.93,,
11/19/2009,267.44,,
11/20/2009,267.96,,
11/23/2009,268.0,,
11/24/2009,261.54,,
11/25/2009,263.6,,
11/26/2009,259.97,,
11/27/2009,259.29,,
11/30/2009,257.52,,
12/1/2009,265.71,,
12/2/2009,267.44,,
12/3/2009,262.13,,
12/4/2009,261.76,,
12/7/2009,263.54,,
12/8/2009,258.86,,
12/9/2009,258.89,,
12/10/2009,255.44,,
12/11/2009,256.75,,
12/14/2009,259.35,,
12/15/2009,256.58,,
12/16/2009,256.09,,
12/17/2009,251.46,,
12/18/2009,256.63,,
12/21/2009,253.66,,
12/22/2009,253.34,,
12/23/2009,257.82,,
12/28/2009,259.97,,
12/29/2009,256.85,,
12/30/2009,254.12,,
1/4/2010,256.07,,
1/5/2010,259.67,,
1/6/2010,258.42,,
1/7/2010,252.19,,
1/8/2010,252.4,,
1/11/2010,251.23,,
1/12/2010,247.98,,
1/13/2010,245.7,,
1/14/2010,248.85,,
1/15/2010,247.42,,
1/18/2010,249.62,,
1/19/2010,247.94,,
1/20/2010,242.18,,
1/21/2010,240.02,,
1/22/2010,237.88,,
1/25/2010,237.44,,
1/26/2010,235.65,,
1/27/2010,233.1,,
1/28/2010,229.18,,
1/29/2010,229.42,,
2/1/2010,233.33,,
2/2/2010,235.38,,
2/3/2010,233.38,,
2/4/2010,230.1,,
2/5/2010,227.65,,
2/8/2010,228.53,,
2/9/2010,231.98,,
2/10/2010,231.83,,
2/11/2010,230.51,,
2/12/2010,229.85,,
2/17/2010,233.09,,
2/18/2010,233.49,,
2/19/2010,235.69,,
2/22/2010,235.04,,
2/23/2010,232.59,,
2/24/2010,232.44,,
2/25/2010,232.69,,
2/26/2010,231.96,,
3/1/2010,235.05,,
3/2/2010,235.98,,
3/3/2010,237.36,,
3/4/2010,238.11,,
3/5/2010,237.66,,
3/8/2010,228.16,,
3/9/2010,238.0,,
3/10/2010,240.78,,
3/11/2010,239.16,,
3/12/2010,243.21,,
3/15/2010,243.84,,
3/16/2010,241.22,,
3/17/2010,241.85,,
3/18/2010,237.58,,
3/19/2010,240.4,,
3/22/2010,236.67,,
3/23/2010,236.89,,
3/24/2010,234.4,,
3/25/2010,233.61,,
3/26/2010,230.66,,
3/29/2010,234.43,,
3/30/2010,236.01,,
3/31/2010,237.83,,
4/1/2010,238.23,,
4/5/2010,238.71,,
4/6/2010,237.72,,
4/7/2010,233.04,,
4/8/2010,233.81,,
4/9/2010,233.76,,
4/12/2010,235.6,,
4/13/2010,236.96,,
4/14/2010,237.0,,
4/15/2010,238.94,,
4/16/2010,236.92,,
4/19/2010,237.39,,
4/20/2010,238.17,,
4/22/2010,236.15,,
4/23/2010,236.06,,
4/26/2010,237.49,,
4/27/2010,237.34,,
4/28/2010,238.94,,
4/29/2010,241.98,,
4/30/2010,241.19,,
5/3/2010,241.51,,
5/4/2010,237.46,,
5/5/2010,234.44,,
5/6/2010,225.02,,
5/7/2010,223.48,,
5/10/2010,236.28,,
5/11/2010,233.14,,
5/12/2010,234.45,,
5/13/2010,233.32,,
5/14/2010,229.9,,
5/17/2010,226.72,,
5/18/2010,227.92,,
5/19/2010,225.58,,
5/20/2010,223.62,,
5/21/2010,224.39,,
5/24/2010,220.53,,
5/25/2010,218.86,,
5/26/2010,219.41,,
5/27/2010,224.78,,
5/28/2010,227.76,,
5/31/2010,229.61,,
6/1/2010,226.1,,
6/2/2010,228.36,,
6/4/2010,224.71,,
6/7/2010,222.73,,
6/8/2010,224.3,,
6/9/2010,224.94,,
6/10/2010,230.18,,
6/11/2010,227.31,,
6/14/2010,229.59,,
6/15/2010,231.11,,
6/16/2010,231.29,,
6/17/2010,231.88,,
6/18/2010,234.06,,
6/21/2010,232.41,,
6/22/2010,231.33,,
6/23/2010,229.37,,
6/24/2010,230.86,,
6/25/2010,230.22,,
6/28/2010,232.9,,
6/29/2010,229.48,,
6/30/2010,230.03,,
7/1/2010,230.39,,
7/2/2010,234.07,,
7/5/2010,231.01,,
7/6/2010,229.86,,
7/7/2010,230.04,,
7/8/2010,233.44,,
7/9/2010,232.15,,
7/12/2010,231.23,,
7/13/2010,234.38,,
7/14/2010,231.64,,
7/15/2010,228.29,,
7/16/2010,227.14,,
7/19/2010,226.32,,
7/20/2010,226.22,,
7/21/2010,227.71,,
7/22/2010,225.96,,
7/23/2010,231.65,,
7/26/2010,229.5,,
7/27/2010,226.21,,
7/28/2010,227.77,,
7/29/2010,226.57,,
7/30/2010,229.94,,
8/2/2010,231.71,,
8/3/2010,227.41,,
8/4/2010,230.02,,
8/5/2010,236.67,,
8/6/2010,237.9,,
8/9/2010,241.33,,
8/10/2010,241.12,,
8/11/2010,242.46,,
8/12/2010,243.42,,
8/13/2010,245.68,,
8/16/2010,245.92,,
8/17/2010,247.95,,
8/18/2010,250.57,,
8/19/2010,247.21,,
8/20/2010,248.75,,
8/23/2010,250.89,,
8/24/2010,250.48,,
8/25/2010,250.27,,
8/26/2010,252.84,,
8/27/2010,252.62,,
8/30/2010,250.44,,
8/31/2010,252.49,,
9/1/2010,256.53,,
9/2/2010,256.28,,
9/3/2010,262.21,,
9/6/2010,262.02,,
9/8/2010,264.57,,
9/9/2010,265.01,,
9/10/2010,267.54,,
9/13/2010,271.63,,
9/14/2010,274.98,,
9/15/2010,272.39,,
9/16/2010,271.38,,
9/17/2010,271.0,,
9/20/2010,270.66,,
9/21/2010,271.91,,
9/22/2010,275.89,,
9/23/2010,273.36,,
9/24/2010,277.07,,
9/27/2010,276.18,,
9/28/2010,275.26,,
9/29/2010,273.49,,
9/30/2010,275.89,,
10/1/2010,273.79,,
10/4/2010,273.14,,
10/5/2010,274.23,,
10/6/2010,271.14,,
10/7/2010,270.62,,
10/8/2010,275.53,,
10/11/2010,276.34,,
10/13/2010,277.61,,
10/14/2010,276.0,,
10/15/2010,278.26,,
10/18/2010,276.95,,
10/19/2010,274.65,,
10/20/2010,274.07,,
10/21/2010,270.67,,
10/22/2010,269.27,,
10/25/2010,268.63,,
10/26/2010,265.12,,
10/27/2010,264.08,,
10/28/2010,262.96,,
10/29/2010,265.79,,
11/1/2010,265.37,,
11/3/2010,263.79,,
11/4/2010,265.83,,
11/5/2010,264.81,,
11/8/2010,261.97,,
11/9/2010,263.4,,
11/10/2010,260.14,,
11/11/2010,259.11,,
11/12/2010,258.81,,
11/16/2010,256.38,,
11/17/2010,260.01,,
11/18/2010,259.73,,
11/19/2010,261.2,,
11/22/2010,259.21,,
11/23/2010,258.85,,
11/24/2010,258.99,,
11/25/2010,259.44,,
11/26/2010,259.04,,
11/29/2010,256.22,,
11/30/2010,257.36,,
12/1/2010,258.12,,
12/2/2010,258.81,,
12/3/2010,262.15,,
12/6/2010,262.57,,
12/7/2010,264.31,,
12/8/2010,261.44,,
12/9/2010,260.43,,
12/10/2010,257.72,,
12/13/2010,263.44,,
12/14/2010,263.09,,
12/15/2010,263.51,,
12/16/2010,263.81,,
12/17/2010,262.26,,
12/20/2010,264.75,,
12/21/2010,265.67,,
12/22/2010,265.65,,
12/23/2010,266.89,,
12/27/2010,267.85,,
12/28/2010,267.6,,
12/29/2010,269.99,,
12/30/2010,272.75,,
1/3/2011,274.77,,
1/4/2011,272.87,,
1/5/2011,269.68,,
1/6/2011,266.36,,
1/7/2011,269.4,,
1/10/2011,269.15,,
1/11/2011,268.0,,
1/12/2011,272.96,,
1/13/2011,271.7,,
1/14/2011,270.71,,
1/17/2011,270.63,,
1/18/2011,273.85,,
1/19/2011,275.28,,
1/20/2011,275.42,,
1/21/2011,275.57,,
1/24/2011,276.73,,
1/25/2011,277.86,,
1/26/2011,276.51,,
1/27/2011,276.38,,
1/28/2011,275.59,,
1/31/2011,277.25,,
2/1/2011,280.5,,
2/2/2011,279.55,,
2/3/2011,281.64,,
2/4/2011,280.03,,
2/7/2011,278.8,,
2/8/2011,282.61,,
2/9/2011,282.29,,
2/10/2011,282.3,,
2/11/2011,285.43,,
2/14/2011,282.39,,
2/15/2011,283.29,,
2/16/2011,282.79,,
2/17/2011,284.86,,
2/18/2011,287.03,,
2/21/2011,286.5,,
2/22/2011,286.57,,
2/23/2011,285.32,,
2/24/2011,288.72,,
2/25/2011,289.03,,
2/28/2011,291.02,,
3/1/2011,291.88,,
3/2/2011,292.44,,
3/3/2011,294.4,,
3/4/2011,299.46,,
3/9/2011,293.69,,
3/10/2011,296.62,,
3/11/2011,296.11,,
3/14/2011,296.85,,
3/15/2011,296.48,,
3/16/2011,295.29,,
3/17/2011,292.92,,
3/18/2011,296.78,,
3/21/2011,297.49,,
3/22/2011,298.73,,
3/23/2011,298.75,,
3/24/2011,300.27,,
3/25/2011,299.18,,
3/28/2011,298.26,,
3/29/2011,298.85,,
3/30/2011,306.85,,
3/31/2011,305.27,,
4/1/2011,310.28,,
4/4/2011,309.81,,
4/5/2011,310.54,,
4/6/2011,307.64,,
4/7/2011,313.41,,
4/8/2011,317.94,,
4/11/2011,317.09,,
4/12/2011,314.44,,
4/13/2011,314.86,,
4/14/2011,315.69,,
4/15/2011,317.02,,
4/18/2011,314.28,,
4/19/2011,316.69,,
4/20/2011,318.81,,
4/25/2011,319.22,,
4/26/2011,318.56,,
4/27/2011,316.4,,
4/28/2011,314.49,,
4/29/2011,317.65,,
5/2/2011,317.03,,
5/3/2011,314.44,,
5/4/2011,310.35,,
5/5/2011,305.13,,
5/6/2011,307.31,,
5/9/2011,306.81,,
5/10/2011,311.6,,
5/11/2011,304.44,,
5/12/2011,303.71,,
5/13/2011,304.67,,
5/16/2011,304.98,,
5/17/2011,304.02,,
5/18/2011,305.93,,
5/19/2011,306.45,,
5/20/2011,307.15,,
5/23/2011,304.09,,
5/24/2011,306.02,,
5/25/2011,304.96,,
5/26/2011,304.3,,
5/27/2011,310.13,,
5/30/2011,311.32,,
5/31/2011,313.48,,
6/1/2011,311.47,,
6/2/2011,314.66,,
6/3/2011,313.98,,
6/6/2011,312.04,,
6/7/2011,313.29,,
6/8/2011,310.48,,
6/9/2011,310.36,,
6/10/2011,309.59,,
6/13/2011,311.91,,
6/14/2011,313.18,,
6/15/2011,311.73,,
6/16/2011,308.42,,
6/17/2011,307.28,,
6/21/2011,308.77,,
6/22/2011,307.27,,
6/24/2011,306.07,,
6/27/2011,306.73,,
6/28/2011,309.66,,
6/29/2011,314.0,,
6/30/2011,313.18,,
7/1/2011,315.43,,
7/4/2011,315.86,,
7/5/2011,314.29,,
7/6/2011,314.61,,
7/7/2011,318.58,,
7/8/2011,316.77,,
7/11/2011,312.96,,
7/12/2011,311.01,,
7/13/2011,310.9,,
7/14/2011,310.34,,
7/15/2011,310.53,,
7/18/2011,308.83,,
7/19/2011,311.85,,
7/20/2011,312.63,,
7/21/2011,313.61,,
7/22/2011,311.76,,
7/25/2011,313.38,,
7/26/2011,312.86,,
7/27/2011,307.63,,
7/28/2011,305.27,,
7/29/2011,308.82,,
8/1/2011,307.04,,
8/2/2011,305.63,,
8/3/2011,307.87,,
8/4/2011,303.1,,
8/5/2011,302.89,,
8/8/2011,297.03,,
8/9/2011,297.61,,
8/10/2011,295.35,,
8/11/2011,295.89,,
8/12/2011,296.78,,
8/15/2011,301.45,,
8/16/2011,302.07,,
8/17/2011,302.47,,
8/18/2011,299.13,,
8/19/2011,300.14,,
8/22/2011,299.14,,
8/23/2011,300.63,,
8/24/2011,299.15,,
8/25/2011,300.66,,
8/26/2011,301.02,,
8/29/2011,303.0,,
8/30/2011,303.07,,
8/31/2011,302.62,,
9/1/2011,299.48,,
9/2/2011,294.56,,
9/5/2011,290.24,,
9/6/2011,288.87,,
9/8/2011,290.38,,
9/9/2011,284.68,,
9/12/2011,279.59,,
9/13/2011,280.15,,
9/14/2011,278.95,,
9/15/2011,282.04,,
9/16/2011,278.71,,
9/19/2011,271.25,,
9/20/2011,269.64,,
9/21/2011,261.26,,
9/22/2011,252.77,,
9/23/2011,260.53,,
9/26/2011,263.41,,
9/27/2011,266.03,,
9/28/2011,264.23,,
9/29/2011,258.52,,
9/30/2011,254.73,,
10/3/2011,252.87,,
10/4/2011,253.77,,
10/5/2011,260.73,,
10/6/2011,268.14,,
10/7/2011,271.85,,
10/10/2011,272.38,,
10/11/2011,272.01,,
10/13/2011,272.4,,
10/14/2011,275.18,,
10/17/2011,269.07,,
10/18/2011,269.34,,
10/19/2011,268.77,,
10/20/2011,264.89,,
10/21/2011,263.85,,
10/24/2011,268.0,,
10/25/2011,265.57,,
10/26/2011,266.55,,
10/27/2011,275.48,,
10/28/2011,275.83,,
10/31/2011,274.82,,
11/1/2011,269.14,,
11/3/2011,266.57,,
11/4/2011,268.45,,
11/7/2011,267.66,,
11/8/2011,267.96,,
11/9/2011,261.16,,
11/10/2011,260.88,,
11/11/2011,261.48,,
11/14/2011,259.03,,
11/16/2011,254.96,,
11/17/2011,256.02,,
11/18/2011,254.89,,
11/21/2011,252.14,,
11/22/2011,251.75,,
11/23/2011,245.11,,
11/24/2011,242.24,,
11/25/2011,243.15,,
11/28/2011,245.38,,
11/29/2011,246.77,,
11/30/2011,250.29,,
12/1/2011,251.81,,
12/2/2011,253.37,,
12/5/2011,252.75,,
12/6/2011,252.85,,
12/7/2011,253.0,,
12/8/2011,249.62,,
12/9/2011,250.82,,
12/12/2011,242.64,,
12/13/2011,241.26,,
12/14/2011,238.81,,
12/15/2011,240.44,,
12/16/2011,239.94,,
12/19/2011,237.56,,
12/20/2011,241.19,,
12/21/2011,237.97,,
12/22/2011,239.41,,
12/23/2011,239.63,,
12/26/2011,240.01,,
12/27/2011,238.14,,
12/28/2011,236.64,,
12/29/2011,236.66,,
1/2/2012,235.73,,
1/3/2012,241.3,,
1/4/2012,241.83,,
1/5/2012,243.06,,
1/6/2012,237.67,,
1/9/2012,240.02,,
1/10/2012,244.24,,
1/11/2012,244.68,,
1/12/2012,246.93,,
1/13/2012,245.92,,
1/16/2012,246.12,,
1/17/2012,245.67,,
1/18/2012,248.68,,
1/19/2012,247.18,,
1/20/2012,246.88,,
1/23/2012,249.1,,
1/24/2012,250.18,,
1/25/2012,252.24,,
1/26/2012,254.86,,
1/27/2012,255.45,,
1/30/2012,252.92,,
1/31/2012,252.25,,
2/1/2012,252.9,,
2/2/2012,257.41,,
2/3/2012,259.18,,
2/6/2012,258.76,,
2/7/2012,259.04,,
2/8/2012,259.45,,
2/9/2012,254.81,,
2/10/2012,253.74,,
2/13/2012,255.15,,
2/14/2012,259.12,,
2/15/2012,260.73,,
2/16/2012,263.7,,
2/17/2012,264.59,,
2/22/2012,265.23,,
2/23/2012,265.28,,
2/24/2012,266.14,,
2/27/2012,265.67,,
2/28/2012,266.44,,
2/29/2012,265.51,,
3/1/2012,266.13,,
3/2/2012,260.88,,
3/5/2012,262.6,,
3/6/2012,256.87,,
3/7/2012,255.73,,
3/8/2012,255.33,,
3/9/2012,257.06,,
3/12/2012,255.79,,
3/13/2012,257.21,,
3/14/2012,255.22,,
3/15/2012,254.21,,
3/16/2012,257.78,,
3/19/2012,258.21,,
3/20/2012,255.11,,
3/21/2012,255.37,,
3/22/2012,253.73,,
3/23/2012,257.35,,
3/26/2012,256.62,,
3/27/2012,256.71,,
3/28/2012,253.61,,
3/29/2012,253.72,,
3/30/2012,255.07,,
4/2/2012,254.33,,
4/3/2012,254.63,,
4/4/2012,256.26,,
4/5/2012,256.32,,
4/9/2012,256.72,,
4/10/2012,255.81,,
4/11/2012,257.0,,
4/12/2012,257.19,,
4/13/2012,256.16,,
4/16/2012,255.65,,
4/17/2012,256.86,,
4/18/2012,252.45,,
4/19/2012,252.22,,
4/20/2012,253.81,,
4/23/2012,252.47,,
4/24/2012,252.36,,
4/25/2012,253.47,,
4/26/2012,253.32,,
4/27/2012,253.24,,
4/30/2012,250.43,,
5/2/2012,248.97,,
5/3/2012,249.75,,
5/4/2012,250.71,,
5/7/2012,252.26,,
5/8/2012,250.6,,
5/9/2012,246.08,,
5/10/2012,247.26,,
5/11/2012,247.24,,
5/14/2012,242.83,,
5/15/2012,241.3,,
5/16/2012,241.16,,
5/17/2012,241.08,,
5/18/2012,238.69,,
5/21/2012,236.64,,
5/22/2012,233.23,,
5/23/2012,240.38,,
5/24/2012,243.5,,
5/25/2012,248.92,,
5/28/2012,250.6,,
5/29/2012,250.19,,
5/30/2012,247.15,,
5/31/2012,247.68,,
6/1/2012,243.78,,
6/4/2012,243.2,,
6/5/2012,246.98,,
6/6/2012,245.38,,
6/8/2012,246.77,,
6/11/2012,241.66,,
6/12/2012,242.35,,
6/13/2012,243.02,,
6/14/2012,244.9,,
6/15/2012,247.48,,
6/18/2012,244.73,,
6/19/2012,249.56,,
6/20/2012,248.46,,
6/21/2012,244.04,,
6/22/2012,244.58,,
6/25/2012,243.47,,
6/26/2012,244.47,,
6/27/2012,243.71,,
6/28/2012,244.62,,
6/29/2012,253.59,,
7/2/2012,254.19,,
7/3/2012,253.28,,
7/4/2012,250.44,,
7/5/2012,251.86,,
7/6/2012,252.05,,
7/9/2012,246.82,,
7/10/2012,248.09,,
7/11/2012,248.43,,
7/12/2012,250.18,,
7/13/2012,250.31,,
7/16/2012,251.5,,
7/17/2012,252.58,,
7/18/2012,253.17,,
7/19/2012,255.27,,
7/20/2012,255.78,,
7/23/2012,254.22,,
7/24/2012,255.6,,
7/25/2012,258.89,,
7/26/2012,262.97,,
7/27/2012,266.01,,
7/30/2012,261.79,,
7/31/2012,258.87,,
8/1/2012,261.07,,
8/2/2012,261.29,,
8/3/2012,266.11,,
8/6/2012,268.36,,
8/7/2012,270.17,,
8/8/2012,272.12,,
8/9/2012,273.78,,
8/10/2012,274.19,,
8/13/2012,277.68,,
8/14/2012,278.63,,
8/15/2012,282.59,,
8/16/2012,281.92,,
8/17/2012,289.29,,
8/20/2012,290.24,,
8/21/2012,288.51,,
8/22/2012,288.44,,
8/23/2012,289.0,,
8/24/2012,289.58,,
8/27/2012,288.09,,
8/28/2012,287.38,,
8/29/2012,286.43,,
8/30/2012,289.03,,
8/31/2012,294.12,,
9/3/2012,294.96,,
9/4/2012,294.63,,
9/5/2012,293.14,,
9/6/2012,301.98,,
9/10/2012,303.34,,
9/11/2012,303.91,,
9/12/2012,306.84,,
9/13/2012,308.54,,
9/14/2012,310.59,,
9/17/2012,309.4,,
9/18/2012,310.54,,
9/19/2012,309.53,,
9/20/2012,307.98,,
9/21/2012,307.52,,
9/24/2012,309.64,,
9/25/2012,304.82,,
9/26/2012,302.88,,
9/27/2012,302.93,,
9/28/2012,301.69,,
10/1/2012,306.19,,
10/2/2012,309.3,,
10/3/2012,310.7,,
10/4/2012,307.8,,
10/5/2012,309.4,,
10/8/2012,308.4,,
10/9/2012,306.64,,
10/10/2012,303.78,,
10/11/2012,300.37,,
10/15/2012,307.3,,
10/16/2012,302.8,,
10/17/2012,303.76,,
10/18/2012,304.16,,
10/19/2012,306.04,,
10/22/2012,307.51,,
10/23/2012,304.67,,
10/24/2012,307.31,,
10/25/2012,308.11,,
10/26/2012,307.07,,
10/29/2012,308.61,,
10/30/2012,307.74,,
10/31/2012,307.53,,
11/1/2012,313.98,,
11/5/2012,314.61,,
11/6/2012,315.33,,
11/7/2012,312.12,,
11/8/2012,310.35,,
11/9/2012,309.47,,
11/12/2012,310.57,,
11/13/2012,307.9,,
11/14/2012,310.31,,
11/16/2012,307.96,,
11/19/2012,308.21,,
11/20/2012,307.26,,
11/21/2012,306.31,,
11/22/2012,311.71,,
11/23/2012,316.52,,
11/26/2012,320.31,,
11/27/2012,320.42,,
11/28/2012,319.52,,
11/29/2012,321.03,,
11/30/2012,316.11,,
12/3/2012,319.77,,
12/4/2012,321.83,,
12/5/2012,327.43,,
12/6/2012,332.4,,
12/7/2012,333.59,,
12/10/2012,334.85,,
12/11/2012,335.33,,
12/12/2012,342.06,,
12/13/2012,346.42,,
12/14/2012,348.26,,
12/17/2012,346.48,,
12/18/2012,350.25,,
12/19/2012,355.23,,
12/20/2012,355.76,,
12/21/2012,356.58,,
12/26/2012,360.05,,
12/27/2012,358.35,,
12/28/2012,363.16,,
1/2/2013,360.61,,
1/3/2013,366.27,,
1/4/2013,369.49,,
1/7/2013,367.51,,
1/8/2013,365.82,,
1/9/2013,371.01,,
1/10/2013,374.61,,
1/11/2013,374.51,,
1/14/2013,377.05,,
1/15/2013,377.57,,
1/16/2013,379.74,,
1/17/2013,381.99,,
1/18/2013,381.81,,
1/21/2013,381.78,,
1/22/2013,377.69,,
1/23/2013,381.46,,
1/24/2013,381.02,,
1/25/2013,382.63,,
1/28/2013,386.58,,
1/29/2013,388.1,,
1/30/2013,384.38,,
1/31/2013,385.4,,
2/1/2013,386.19,,
2/4/2013,384.84,,
2/5/2013,386.63,,
2/6/2013,384.51,,
2/7/2013,387.24,,
2/8/2013,386.93,,
2/13/2013,384.09,,
2/14/2013,385.79,,
2/15/2013,383.02,,
2/18/2013,384.74,,
2/19/2013,385.27,,
2/20/2013,383.38,,
2/21/2013,380.52,,
2/22/2013,379.05,,
2/25/2013,376.98,,
2/26/2013,375.02,,
2/27/2013,379.26,,
2/28/2013,378.59,,
3/1/2013,375.54,,
3/4/2013,377.84,,
3/5/2013,379.48,,
3/6/2013,377.96,,
3/7/2013,378.35,,
3/8/2013,381.52,,
3/11/2013,377.41,,
3/12/2013,376.61,,
3/13/2013,373.93,,
3/14/2013,372.38,,
3/15/2013,374.44,,
3/18/2013,366.3,,
3/19/2013,372.36,,
3/20/2013,371.2,,
3/21/2013,367.22,,
3/22/2013,363.01,,
3/25/2013,360.42,,
3/26/2013,360.06,,
3/27/2013,358.95,,
3/28/2013,358.59,,
4/1/2013,362.49,,
4/2/2013,359.33,,
4/3/2013,354.65,,
4/4/2013,354.3,,
4/5/2013,358.45,,
4/8/2013,359.32,,
4/9/2013,359.77,,
4/10/2013,358.59,,
4/11/2013,357.7,,
4/12/2013,361.32,,
4/15/2013,355.35,,
4/16/2013,355.7,,
4/17/2013,354.94,,
4/18/2013,351.36,,
4/19/2013,353.5,,
4/22/2013,351.08,,
4/23/2013,349.64,,
4/24/2013,352.09,,
4/25/2013,353.77,,
4/26/2013,354.53,,
4/29/2013,353.1,,
4/30/2013,353.26,,
5/2/2013,351.7,,
5/3/2013,358.19,,
5/6/2013,357.41,,
5/7/2013,357.35,,
5/8/2013,360.2,,
5/9/2013,356.77,,
5/10/2013,354.22,,
5/13/2013,358.11,,
5/14/2013,355.7,,
5/15/2013,357.55,,
5/16/2013,356.37,,
5/17/2013,353.33,,
5/20/2013,355.61,,
5/21/2013,363.41,,
5/22/2013,361.64,,
5/23/2013,360.71,,
5/24/2013,360.14,,
5/27/2013,360.29,,
5/28/2013,352.72,,
5/29/2013,344.89,,
5/31/2013,342.16,,
6/3/2013,347.96,,
6/4/2013,348.84,,
6/5/2013,352.27,,
6/6/2013,355.58,,
6/7/2013,354.24,,
6/10/2013,352.61,,
6/11/2013,355.79,,
6/12/2013,352.57,,
6/13/2013,354.66,,
6/14/2013,358.62,,
6/17/2013,360.22,,
6/18/2013,365.9,,
6/19/2013,365.18,,
6/20/2013,357.31,,
6/21/2013,368.49,,
6/24/2013,393.14,,
6/25/2013,390.41,,
6/26/2013,392.42,,
6/27/2013,384.98,,
6/28/2013,387.53,,
7/1/2013,387.06,,
7/2/2013,385.99,,
7/3/2013,385.4,,
7/4/2013,389.47,,
7/5/2013,387.36,,
7/8/2013,391.13,,
7/10/2013,386.61,,
7/11/2013,391.93,,
7/12/2013,383.33,,
7/15/2013,392.59,,
7/16/2013,383.63,,
7/17/2013,391.91,,
7/18/2013,393.27,,
7/19/2013,392.03,,
7/22/2013,395.61,,
7/23/2013,399.57,,
7/24/2013,394.31,,
7/25/2013,399.58,,
7/26/2013,400.23,,
7/29/2013,397.0,,
7/30/2013,403.21,,
7/31/2013,409.48,,
8/1/2013,405.64,,
8/2/2013,410.15,,
8/5/2013,406.34,,
8/6/2013,404.68,,
8/7/2013,402.88,,
8/8/2013,411.11,,
8/9/2013,425.13,,
8/12/2013,422.74,,
8/13/2013,418.59,,
8/14/2013,416.95,,
8/15/2013,406.43,,
8/16/2013,398.74,,
8/19/2013,402.49,,
8/20/2013,404.8,,
8/21/2013,398.65,,
8/22/2013,398.33,,
8/23/2013,412.19,,
8/26/2013,406.67,,
8/27/2013,405.09,,
8/28/2013,410.11,,
8/29/2013,406.27,,
8/30/2013,406.01,,
9/2/2013,406.48,,
9/3/2013,415.92,,
9/4/2013,412.19,,
9/5/2013,418.0,,
9/6/2013,428.08,,
9/9/2013,432.93,,
9/10/2013,428.65,,
9/11/2013,430.77,,
9/12/2013,433.11,,
9/13/2013,433.72,,
9/16/2013,434.08,,
9/17/2013,438.48,,
9/18/2013,442.01,,
9/19/2013,437.34,,
9/20/2013,439.48,,
9/23/2013,444.4,,
9/24/2013,438.42,,
9/25/2013,429.34,,
9/26/2013,421.71,,
9/27/2013,417.2,,
9/30/2013,425.62,,
10/1/2013,425.5,,
10/2/2013,430.1,,
10/3/2013,427.69,,
10/4/2013,419.25,,
10/7/2013,418.27,,
10/8/2013,416.84,,
10/9/2013,417.15,,
10/10/2013,418.91,,
10/11/2013,415.33,,
10/14/2013,411.47,,
10/15/2013,411.06,,
10/16/2013,411.15,,
10/17/2013,409.92,,
10/18/2013,409.31,,
10/21/2013,408.21,,
10/22/2013,407.09,,
10/23/2013,400.18,,
10/24/2013,396.36,,
10/25/2013,397.76,,
10/28/2013,400.28,,
10/29/2013,398.57,,
10/30/2013,393.75,,
10/31/2013,386.8,,
11/1/2013,381.74,,
11/4/2013,376.58,,
11/5/2013,363.44,,
11/6/2013,358.39,,
11/7/2013,355.04,,
11/8/2013,353.06,,
11/11/2013,347.27,,
11/12/2013,337.88,,
11/13/2013,339.7,,
11/14/2013,341.27,,
11/18/2013,350.74,,
11/19/2013,348.74,,
11/20/2013,331.1,,
11/21/2013,336.33,,
11/22/2013,339.65,,
11/25/2013,339.13,,
11/26/2013,337.69,,
11/27/2013,335.45,,
11/28/2013,334.37,,
11/29/2013,331.81,,
12/2/2013,323.81,,
12/3/2013,321.62,,
12/4/2013,317.12,,
12/5/2013,322.41,,
12/6/2013,329.53,,
12/9/2013,327.61,,
12/10/2013,330.73,,
12/11/2013,327.63,,
12/12/2013,323.47,,
12/13/2013,320.39,,
12/16/2013,321.56,,
12/17/2013,325.67,,
12/18/2013,321.77,,
12/19/2013,320.19,,
12/20/2013,317.99,,
12/23/2013,318.72,,
12/26/2013,318.25,,
12/27/2013,320.13,,
12/30/2013,320.92,,
1/2/2014,307.7,,
1/3/2014,319.44,,
1/6/2014,312.21,,
1/7/2014,312.85,,
1/8/2014,317.59,,
1/9/2014,318.21,,
1/10/2014,323.6,,
1/13/2014,323.79,,
1/14/2014,325.82,,
1/15/2014,327.91,,
1/16/2014,323.94,,
1/17/2014,330.86,,
1/20/2014,331.39,,
1/21/2014,323.28,,
1/22/2014,327.96,,
1/23/2014,324.15,,
1/24/2014,319.75,,
1/27/2014,317.92,,
1/28/2014,317.85,,
1/29/2014,318.04,,
1/30/2014,317.71,,
1/31/2014,315.33,,
2/3/2014,313.23,,
2/4/2014,317.01,,
2/5/2014,317.93,,
2/6/2014,323.54,,
2/7/2014,324.83,,
2/10/2014,316.37,,
2/11/2014,316.78,,
2/12/2014,314.91,,
2/13/2014,316.44,,
2/14/2014,318.05,,
2/17/2014,317.19,,
2/18/2014,318.14,,
2/19/2014,318.93,,
2/20/2014,320.55,,
2/21/2014,325.28,,
2/24/2014,328.46,,
2/25/2014,328.76,,
2/26/2014,326.41,,
2/27/2014,330.89,,
2/28/2014,327.06,,
3/5/2014,330.62,,
3/6/2014,330.86,,
3/7/2014,328.5,,
3/10/2014,325.6,,
3/11/2014,328.94,,
3/12/2014,334.72,,
3/13/2014,330.6,,
3/14/2014,333.94,,
3/17/2014,335.52,,
3/18/2014,338.44,,
3/19/2014,337.15,,
3/20/2014,343.89,,
3/21/2014,348.33,,
3/24/2014,347.66,,
3/25/2014,354.11,,
3/26/2014,357.79,,
3/27/2014,364.99,,
3/28/2014,363.46,,
3/31/2014,362.83,,
4/1/2014,365.35,,
4/2/2014,364.8,,
4/3/2014,367.51,,
4/4/2014,370.93,,
4/7/2014,377.04,,
4/8/2014,380.66,,
4/9/2014,381.1,,
4/10/2014,380.08,,
4/11/2014,375.52,,
4/14/2014,378.43,,
4/15/2014,373.58,,
4/16/2014,377.12,,
4/17/2014,376.39,,
4/22/2014,376.73,,
4/23/2014,378.22,,
4/24/2014,376.64,,
4/25/2014,371.82,,
4/28/2014,375.42,,
4/29/2014,372.19,,
4/30/2014,371.51,,
5/2/2014,376.14,,
5/5/2014,372.78,,
5/6/2014,375.43,,
5/7/2014,374.48,,
5/8/2014,375.04,,
5/9/2014,374.13,,
5/12/2014,374.05,,
5/13/2014,374.91,,
5/14/2014,374.21,,
5/15/2014,372.96,,
5/16/2014,373.46,,
5/19/2014,372.85,,
5/20/2014,370.58,,
5/21/2014,368.53,,
5/22/2014,365.35,,
5/23/2014,364.91,,
5/26/2014,364.33,,
5/27/2014,357.55,,
5/28/2014,358.9,,
5/29/2014,362.52,,
5/30/2014,358.07,,
6/2/2014,350.89,,
6/3/2014,349.5,,
6/4/2014,347.82,,
6/5/2014,352.62,,
6/6/2014,353.17,,
6/9/2014,352.46,,
6/10/2014,352.98,,
6/11/2014,348.93,,
6/12/2014,348.68,,
6/13/2014,349.18,,
6/16/2014,346.84,,
6/17/2014,343.52,,
6/18/2014,349.51,,
6/20/2014,346.56,,
6/23/2014,350.23,,
6/24/2014,348.22,,
6/25/2014,348.24,,
6/26/2014,347.47,,
6/27/2014,345.6,,
6/30/2014,338.2,,
7/1/2014,336.88,,
7/2/2014,331.74,,
7/3/2014,327.84,,
7/4/2014,327.74,,
7/7/2014,321.71,,
7/8/2014,322.33,,
7/10/2014,320.6,,
7/11/2014,320.41,,
7/14/2014,316.8,,
7/15/2014,312.95,,
7/16/2014,311.72,,
7/17/2014,303.11,,
7/18/2014,304.38,,
7/21/2014,305.42,,
7/22/2014,303.53,,
7/23/2014,301.6,,
7/24/2014,295.45,,
7/25/2014,291.52,,
7/28/2014,292.06,,
7/29/2014,289.06,,
7/31/2014,282.94,,
8/1/2014,279.09,,
8/4/2014,274.83,,
8/5/2014,268.83,,
8/6/2014,267.18,,
8/7/2014,260.88,,
8/8/2014,261.74,,
8/11/2014,262.79,,
8/12/2014,259.29,,
8/13/2014,258.51,,
8/14/2014,257.17,,
8/15/2014,257.73,,
8/18/2014,257.95,,
8/19/2014,257.92,,
8/20/2014,256.91,,
8/21/2014,256.31,,
8/22/2014,253.37,,
8/25/2014,254.31,,
8/26/2014,252.61,,
8/27/2014,251.17,,
8/28/2014,248.95,,
8/29/2014,243.04,,
9/1/2014,241.12,,
9/2/2014,240.33,,
9/3/2014,243.37,,
9/4/2014,240.88,,
9/5/2014,238.43,,
9/8/2014,235.2,,
9/9/2014,231.54,,
9/10/2014,226.98,,
9/11/2014,225.87,,
9/12/2014,221.82,,
9/15/2014,220.67,,
9/16/2014,222.58,,
9/17/2014,219.32,,
9/18/2014,219.32,,
9/19/2014,217.98,,
9/22/2014,217.11,,
9/23/2014,214.12,,
9/24/2014,215.82,,
9/25/2014,213.48,,
9/26/2014,214.67,,
9/29/2014,210.01,,
9/30/2014,210.01,,
10/1/2014,207.55,,
10/2/2014,206.22,,
10/3/2014,208.84,,
10/6/2014,212.96,,
10/7/2014,215.05,,
10/8/2014,220.78,,
10/9/2014,221.89,,
10/10/2014,218.81,,
10/13/2014,224.02,,
10/14/2014,220.2,,
10/15/2014,217.32,,
10/16/2014,216.31,,
10/17/2014,217.11,,
10/20/2014,215.6,,
10/21/2014,214.47,,
10/22/2014,215.25,,
10/23/2014,212.95,,
10/24/2014,218.66,,
10/27/2014,212.31,,
10/28/2014,220.19,,
10/29/2014,221.73,,
10/30/2014,226.9,,
10/31/2014,221.02,,
11/3/2014,217.99,,
11/4/2014,216.34,,
11/5/2014,213.67,,
11/6/2014,213.62,,
11/7/2014,212.31,,
11/10/2014,212.18,,
11/11/2014,213.45,,
11/12/2014,213.01,,
11/13/2014,212.39,,
11/14/2014,212.64,,
11/17/2014,212.37,,
11/18/2014,210.94,,
11/19/2014,211.12,,
11/20/2014,213.82,,
11/21/2014,217.58,,
11/24/2014,213.61,,
11/25/2014,213.77,,
11/26/2014,217.09,,
11/27/2014,215.23,,
11/28/2014,212.54,,
12/1/2014,213.64,,
12/2/2014,212.91,,
12/3/2014,213.19,,
12/4/2014,210.49,,
12/5/2014,209.7,,
12/8/2014,207.62,,
12/9/2014,209.78,,
12/10/2014,208.71,,
12/11/2014,206.19,,
12/12/2014,205.24,,
12/15/2014,203.5,,
12/16/2014,199.0,,
12/17/2014,201.97,,
12/18/2014,206.28,,
12/19/2014,206.85,,
12/22/2014,205.05,,
12/23/2014,201.29,,
12/26/2014,201.85,,
12/29/2014,201.2,,
12/30/2014,205.1,,
1/2/2015,202.26,,
1/5/2015,203.8,,
1/6/2015,207.62,,
1/7/2015,208.63,,
1/8/2015,212.2,,
1/9/2015,214.69,,
1/12/2015,211.59,,
1/13/2015,216.18,,
1/14/2015,215.93,,
1/15/2015,215.36,,
1/16/2015,217.13,,
1/19/2015,214.45,,
1/20/2015,216.78,,
1/21/2015,216.69,,
1/22/2015,218.57,,
1/23/2015,219.62,,
1/26/2015,219.41,,
1/27/2015,219.47,,
1/28/2015,218.84,,
1/29/2015,215.76,,
1/30/2015,210.73,,
2/2/2015,209.11,,
2/3/2015,209.89,,
2/4/2015,206.23,,
2/5/2015,208.04,,
2/6/2015,206.04,,
2/9/2015,205.0,,
2/10/2015,198.54,,
2/11/2015,196.61,,
2/12/2015,200.43,,
2/13/2015,200.01,,
2/18/2015,199.19,,
2/19/2015,198.43,,
2/20/2015,199.99,,
2/23/2015,199.72,,
2/24/2015,202.72,,
2/25/2015,200.12,,
2/26/2015,199.65,,
2/27/2015,199.86,,
3/2/2015,197.83,,
3/3/2015,196.55,,
3/4/2015,193.34,,
3/5/2015,193.01,,
3/6/2015,190.12,,
3/9/2015,186.43,,
3/10/2015,188.46,,
3/11/2015,190.59,,
3/12/2015,189.43,,
3/13/2015,184.17,,
3/16/2015,185.38,,
3/17/2015,187.26,,
3/18/2015,187.16,,
3/19/2015,183.49,,
3/20/2015,188.26,,
3/23/2015,197.91,,
3/24/2015,202.19,,
3/25/2015,198.82,,
3/26/2015,199.73,,
3/27/2015,200.75,,
3/30/2015,203.67,,
3/31/2015,206.65,,
4/1/2015,210.8,,
4/2/2015,214.17,,
4/6/2015,214.64,,
4/7/2015,214.76,,
4/8/2015,219.7,,
4/9/2015,218.27,,
4/10/2015,218.69,,
4/13/2015,217.08,,
4/14/2015,224.39,,
4/15/2015,224.86,,
4/16/2015,228.04,,
4/17/2015,225.56,,
4/20/2015,225.24,,
4/22/2015,228.31,,
4/23/2015,230.1,,
4/24/2015,232.35,,
4/27/2015,235.14,,
4/28/2015,231.43,,
4/29/2015,231.02,,
4/30/2015,226.93,,
5/4/2015,221.27,,
5/5/2015,222.46,,
5/6/2015,224.29,,
5/7/2015,225.38,,
5/8/2015,227.59,,
5/11/2015,222.26,,
5/12/2015,223.18,,
5/13/2015,220.88,,
5/14/2015,223.73,,
5/15/2015,223.15,,
5/18/2015,221.6,,
5/19/2015,220.53,,
5/20/2015,221.67,,
5/21/2015,218.65,,
5/22/2015,216.49,,
5/25/2015,214.66,,
5/26/2015,211.05,,
5/27/2015,213.14,,
5/28/2015,211.52,,
5/29/2015,210.08,,
6/1/2015,208.46,,
6/2/2015,211.7,,
6/3/2015,211.82,,
6/5/2015,208.91,,
6/8/2015,213.58,,
6/9/2015,213.24,,
6/10/2015,213.41,,
6/11/2015,212.19,,
6/12/2015,210.34,,
6/15/2015,209.14,,
6/16/2015,212.01,,
6/17/2015,214.03,,
6/18/2015,214.48,,
6/19/2015,210.73,,
6/22/2015,212.54,,
6/23/2015,211.55,,
6/24/2015,210.12,,
6/25/2015,208.24,,
6/26/2015,208.85,,
6/29/2015,207.37,,
6/30/2015,207.81,,
7/1/2015,206.01,,
7/2/2015,208.61,,
7/3/2015,205.31,,
7/6/2015,204.69,,
7/7/2015,201.58,,
7/8/2015,198.36,,
7/9/2015,199.3,,
7/10/2015,201.95,,
7/13/2015,202.66,,
7/14/2015,202.67,,
7/15/2015,204.31,,
7/16/2015,204.49,,
7/17/2015,201.97,,
7/20/2015,201.14,,
7/21/2015,203.6,,
7/22/2015,198.94,,
7/23/2015,196.36,,
7/24/2015,192.4,,
7/27/2015,192.07,,
7/28/2015,191.5,,
7/29/2015,194.58,,
7/30/2015,191.78,,
7/31/2015,189.02,,
8/3/2015,188.52,,
8/4/2015,187.15,,
8/5/2015,185.68,,
8/6/2015,183.13,,
8/7/2015,183.76,,
8/10/2015,189.0,,
8/11/2015,187.53,,
8/12/2015,188.08,,
8/13/2015,187.04,,
8/14/2015,188.13,,
8/17/2015,187.2,,
8/18/2015,188.0,,
8/19/2015,187.47,,
8/20/2015,187.43,,
8/21/2015,186.9,,
8/24/2015,183.83,,
8/25/2015,180.72,,
8/26/2015,178.92,,
8/27/2015,180.67,,
8/28/2015,179.71,,
8/31/2015,177.66,,
9/1/2015,174.48,,
9/2/2015,171.1,,
9/3/2015,170.97,,
9/4/2015,165.39,,
9/8/2015,165.55,,
9/9/2015,164.45,,
9/10/2015,163.07,,
9/11/2015,163.92,,
9/14/2015,169.33,,
9/15/2015,169.96,,
9/16/2015,171.23,,
9/17/2015,173.43,,
9/18/2015,169.94,,
9/21/2015,168.99,,
9/22/2015,166.58,,
9/23/2015,163.29,,
9/24/2015,167.28,,
9/25/2015,173.07,,
9/28/2015,169.1,,
9/29/2015,170.59,,
9/30/2015,173.9,,
10/1/2015,173.42,,
10/2/2015,177.08,,
10/5/2015,180.33,,
10/6/2015,183.8,,
10/7/2015,183.92,,
10/8/2015,185.84,,
10/9/2015,187.97,,
10/13/2015,181.44,,
10/14/2015,186.11,,
10/15/2015,187.13,,
10/16/2015,184.72,,
10/19/2015,183.84,,
10/20/2015,182.26,,
10/21/2015,180.37,,
10/22/2015,182.22,,
10/23/2015,183.74,,
10/26/2015,183.38,,
10/27/2015,184.81,,
10/28/2015,184.01,,
10/29/2015,186.78,,
10/30/2015,186.74,,
11/3/2015,191.82,,
11/4/2015,190.08,,
11/5/2015,192.17,,
11/6/2015,191.49,,
11/9/2015,191.2,,
11/10/2015,191.97,,
11/11/2015,192.94,,
11/12/2015,193.77,,
11/13/2015,190.74,,
11/16/2015,190.75,,
11/17/2015,189.21,,
11/18/2015,193.06,,
11/19/2015,195.27,,
11/20/2015,197.11,,
11/23/2015,195.07,,
11/24/2015,196.61,,
11/25/2015,193.88,,
11/26/2015,194.58,,
11/27/2015,192.22,,
11/30/2015,188.2,,
12/1/2015,186.17,,
12/2/2015,189.07,,
12/3/2015,192.27,,
12/4/2015,192.19,,
12/7/2015,192.34,,
12/8/2015,190.26,,
12/9/2015,194.49,,
12/10/2015,191.03,,
12/11/2015,188.3,,
12/14/2015,187.56,,
12/15/2015,187.65,,
12/16/2015,185.91,,
12/17/2015,187.09,,
12/18/2015,185.11,,
12/21/2015,181.15,,
12/22/2015,183.74,,
12/23/2015,185.28,,
12/28/2015,188.68,,
12/29/2015,187.69,,
12/30/2015,183.92,,
1/4/2016,179.78,,
1/5/2016,182.85,,
1/7/2016,179.6,,
1/8/2016,180.71,,
1/11/2016,180.77,,
1/12/2016,180.64,,
1/13/2016,181.63,,
1/14/2016,183.86,,
1/15/2016,181.89,,
1/18/2016,183.17,,
1/19/2016,183.74,,
1/20/2016,180.11,,
1/21/2016,177.78,,
1/22/2016,180.0,,
1/25/2016,179.59,,
1/26/2016,181.5,,
1/27/2016,181.35,,
1/28/2016,181.14,,
1/29/2016,184.52,,
2/1/2016,188.16,,
2/2/2016,186.73,,
2/3/2016,189.79,,
2/4/2016,192.37,,
2/5/2016,190.96,,
2/10/2016,188.61,,
2/11/2016,187.11,,
2/12/2016,186.63,,
2/15/2016,186.85,,
2/16/2016,184.18,,
2/17/2016,187.16,,
2/18/2016,185.24,,
2/19/2016,185.41,,
2/22/2016,190.86,,
2/23/2016,189.54,,
2/24/2016,190.84,,
2/25/2016,190.26,,
2/26/2016,187.47,,
2/29/2016,187.76,,
3/1/2016,190.84,,
3/2/2016,193.9,,
3/3/2016,198.86,,
3/4/2016,201.68,,
3/7/2016,200.74,,
3/8/2016,201.53,,
3/9/2016,203.06,,
3/10/2016,206.21,,
3/11/2016,209.56,,
3/14/2016,208.34,,
3/15/2016,203.28,,
3/16/2016,204.72,,
3/17/2016,210.76,,
3/18/2016,214.31,,
3/21/2016,213.1,,
3/22/2016,213.04,,
3/23/2016,207.38,,
3/24/2016,205.85,,
3/28/2016,210.31,,
3/29/2016,210.72,,
3/30/2016,212.38,,
3/31/2016,213.51,,
4/1/2016,215.88,,
4/4/2016,212.55,,
4/5/2016,206.9,,
4/6/2016,210.08,,
4/7/2016,208.16,,
4/8/2016,210.99,,
4/11/2016,219.44,,
4/12/2016,219.4,,
4/13/2016,221.71,,
4/14/2016,219.95,,
4/15/2016,219.07,,
4/18/2016,212.4,,
4/19/2016,215.66,,
4/20/2016,217.7,,
4/22/2016,214.94,,
4/25/2016,216.48,,
4/26/2016,219.1,,
4/27/2016,218.83,,
4/28/2016,220.98,,
4/29/2016,222.62,,
5/2/2016,218.84,,
5/3/2016,213.07,,
5/4/2016,215.91,,
5/5/2016,217.45,,
5/6/2016,220.36,,
5/9/2016,218.07,,
5/10/2016,220.55,,
5/11/2016,224.36,,
5/12/2016,223.32,,
5/13/2016,221.07,,
5/16/2016,225.08,,
5/17/2016,226.71,,
5/18/2016,223.38,,
5/19/2016,224.24,,
5/20/2016,229.49,,
5/23/2016,228.03,,
5/24/2016,230.27,,
5/25/2016,229.52,,
5/27/2016,228.6,,
5/30/2016,231.45,,
5/31/2016,230.71,,
6/1/2016,234.79,,
6/2/2016,242.81,,
6/3/2016,246.73,,
6/6/2016,249.43,,
6/7/2016,248.39,,
6/8/2016,261.89,,
6/9/2016,262.71,,
6/10/2016,258.99,,
6/13/2016,264.03,,
6/14/2016,262.79,,
6/15/2016,264.48,,
6/16/2016,261.81,,
6/17/2016,265.28,,
6/20/2016,264.12,,
6/21/2016,263.86,,
6/22/2016,267.29,,
6/23/2016,270.53,,
6/24/2016,267.68,,
6/27/2016,267.19,,
6/28/2016,274.38,,
6/29/2016,277.96,,
6/30/2016,280.27,,
7/1/2016,282.01,,
7/4/2016,278.61,,
7/5/2016,275.04,,
7/6/2016,269.82,,
7/7/2016,269.18,,
7/8/2016,274.69,,
7/11/2016,273.81,,
7/12/2016,274.6,,
7/13/2016,276.72,,
7/14/2016,278.64,,
7/15/2016,278.84,,
7/18/2016,279.34,,
7/19/2016,276.43,,
7/20/2016,278.06,,
7/21/2016,275.75,,
7/22/2016,277.16,,
7/25/2016,271.83,,
7/26/2016,275.69,,
7/27/2016,276.32,,
7/28/2016,273.83,,
7/29/2016,278.78,,
8/1/2016,277.9,,
8/2/2016,278.35,,
8/3/2016,280.9,,
8/4/2016,281.11,,
8/5/2016,279.01,,
8/8/2016,279.98,,
8/9/2016,282.4,,
8/10/2016,279.62,,
8/11/2016,277.19,,
8/12/2016,271.25,,
8/15/2016,270.62,,
8/16/2016,271.65,,
8/17/2016,264.12,,
8/18/2016,261.68,,
8/19/2016,262.81,,
8/22/2016,264.2,,
8/23/2016,260.02,,
8/24/2016,259.12,,
8/25/2016,258.58,,
8/26/2016,253.83,,
8/29/2016,256.36,,
8/30/2016,252.24,,
8/31/2016,251.07,,
9/1/2016,244.27,,
9/2/2016,233.11,,
9/5/2016,225.55,,
9/6/2016,231.03,,
9/8/2016,230.41,,
9/9/2016,224.91,,
9/12/2016,222.89,,
9/13/2016,217.55,,
9/14/2016,212.27,,
9/15/2016,214.63,,
9/16/2016,217.15,,
9/19/2016,213.71,,
9/20/2016,215.49,,
9/21/2016,213.2,,
9/22/2016,212.37,,
9/23/2016,210.82,,
9/26/2016,209.04,,
9/27/2016,207.0,,
9/28/2016,204.59,,
9/29/2016,201.47,,
9/30/2016,199.49,,
10/3/2016,200.15,,
10/4/2016,197.49,,
10/5/2016,197.52,,
10/6/2016,196.78,,
10/7/2016,196.36,,
10/10/2016,198.6,,
10/11/2016,198.36,,
10/13/2016,198.45,,
10/14/2016,197.46,,
10/17/2016,198.28,,
10/18/2016,199.78,,
10/19/2016,200.08,,
10/20/2016,202.6,,
10/21/2016,199.88,,
10/24/2016,203.44,,
10/25/2016,204.01,,
10/26/2016,199.9,,
10/27/2016,199.48,,
10/28/2016,197.79,,
10/31/2016,198.76,,
11/1/2016,193.5,,
11/3/2016,195.83,,
11/4/2016,195.63,,
11/7/2016,196.1,,
11/8/2016,197.65,,
11/9/2016,195.0,,
11/10/2016,185.67,,
11/11/2016,184.03,,
11/14/2016,181.37,,
11/16/2016,181.57,,
11/17/2016,183.19,,
11/18/2016,185.41,,
11/21/2016,185.29,,
11/22/2016,185.83,,
11/23/2016,184.91,,
11/24/2016,184.27,,
11/25/2016,182.72,,
11/28/2016,185.27,,
11/29/2016,184.66,,
11/30/2016,183.84,,
12/1/2016,177.7,,
12/2/2016,180.16,,
12/5/2016,181.59,,
12/6/2016,181.15,,
12/7/2016,182.25,,
12/8/2016,185.94,,
12/9/2016,186.67,,
12/12/2016,186.21,,
12/13/2016,186.47,,
12/14/2016,187.06,,
12/15/2016,184.2,,
12/16/2016,180.65,,
12/19/2016,183.96,,
12/20/2016,185.27,,
12/21/2016,185.19,,
12/22/2016,187.42,,
12/23/2016,189.19,,
12/26/2016,192.0,,
12/27/2016,190.93,,
12/28/2016,191.21,,
12/29/2016,192.83,,
1/2/2017,191.18,,
1/3/2017,193.42,,
1/4/2017,194.98,,
1/5/2017,195.88,,
1/6/2017,193.26,,
1/9/2017,194.73,,
1/10/2017,195.19,,
1/11/2017,195.27,,
1/12/2017,195.45,,
1/13/2017,192.56,,
1/16/2017,192.17,,
1/17/2017,193.7,,
1/18/2017,192.51,,
1/19/2017,191.63,,
1/20/2017,191.2,,
1/23/2017,192.45,,
1/24/2017,192.49,,
1/25/2017,191.29,,
1/26/2017,191.76,,
1/27/2017,193.81,,
1/30/2017,195.84,,
1/31/2017,192.03,,
2/1/2017,191.58,,
2/2/2017,192.53,,
2/3/2017,194.0,,
2/6/2017,193.53,,
2/7/2017,192.49,,
2/8/2017,193.84,,
2/9/2017,193.26,,
2/10/2017,192.8,,
2/13/2017,192.86,,
2/14/2017,193.37,,
2/15/2017,195.44,,
2/16/2017,194.76,,
2/17/2017,193.19,,
2/20/2017,193.86,,
2/21/2017,194.17,,
2/22/2017,194.73,,
2/23/2017,196.0,,
2/24/2017,192.54,,
3/1/2017,192.2,,
3/2/2017,188.75,,
3/3/2017,191.06,,
3/6/2017,191.96,,
3/7/2017,192.19,,
3/8/2017,187.27,,
3/9/2017,185.92,,
3/10/2017,189.25,,
3/13/2017,189.15,,
3/14/2017,187.0,,
3/15/2017,191.72,,
3/16/2017,191.53,,
3/17/2017,192.81,,
3/20/2017,194.21,,
3/21/2017,194.89,,
3/22/2017,193.8,,
3/23/2017,190.79,,
3/24/2017,192.39,,
3/27/2017,190.79,,
3/28/2017,190.11,,
3/29/2017,192.08,,
3/30/2017,191.73,,
3/31/2017,192.1,,
4/3/2017,193.93,,
4/4/2017,196.01,,
4/5/2017,196.19,,
4/6/2017,191.62,,
4/7/2017,191.68,,
4/10/2017,191.77,,
4/11/2017,191.41,,
4/12/2017,191.9,,
4/13/2017,192.2,,
4/17/2017,195.13,,
4/18/2017,195.64,,
4/19/2017,194.96,,
4/20/2017,193.76,,
4/24/2017,194.06,,
4/25/2017,192.83,,
4/26/2017,191.45,,
4/27/2017,191.79,,
4/28/2017,192.06,,
5/2/2017,193.69,,
5/3/2017,193.37,,
5/4/2017,191.02,,
5/5/2017,192.03,,
5/8/2017,189.11,,
5/9/2017,192.93,,
5/10/2017,194.06,,
5/11/2017,194.79,,
5/12/2017,196.46,,
5/15/2017,196.72,,
5/16/2017,196.77,,
5/17/2017,195.85,,
5/18/2017,182.42,,
5/19/2017,187.81,,
5/22/2017,185.66,,
5/23/2017,186.34,,
5/24/2017,186.32,,
5/25/2017,185.56,,
5/26/2017,188.1,,
5/29/2017,188.03,,
5/30/2017,188.52,,
5/31/2017,189.52,,
6/1/2017,188.88,,
6/2/2017,188.44,,
6/5/2017,189.29,,
6/6/2017,189.79,,
6/7/2017,189.67,,
6/8/2017,190.85,,
6/9/2017,189.83,,
6/12/2017,188.24,,
6/13/2017,190.04,,
6/14/2017,190.78,,
6/16/2017,190.78,,
6/19/2017,191.05,,
6/20/2017,188.77,,
6/21/2017,191.46,,
6/22/2017,191.36,,
6/23/2017,189.82,,
6/26/2017,193.17,,
6/27/2017,194.25,,
6/28/2017,196.04,,
6/29/2017,194.54,,
6/30/2017,194.36,,
7/3/2017,194.26,,
7/4/2017,196.96,,
7/5/2017,199.31,,
7/6/2017,198.53,,
7/7/2017,199.69,,
7/10/2017,203.73,,
7/11/2017,203.93,,
7/12/2017,206.88,,
7/13/2017,207.19,,
7/14/2017,209.12,,
7/17/2017,209.42,,
7/18/2017,211.42,,
7/19/2017,212.17,,
7/20/2017,213.59,,
7/21/2017,213.74,,
7/24/2017,213.47,,
7/25/2017,211.89,,
7/26/2017,214.03,,
7/27/2017,213.08,,
7/28/2017,216.01,,
7/31/2017,220.51,,
8/1/2017,220.72,,
8/2/2017,219.77,,
8/3/2017,219.91,,
8/4/2017,219.6,,
8/7/2017,219.82,,
8/8/2017,220.27,,
8/9/2017,218.22,,
8/10/2017,215.53,,
8/11/2017,211.23,,
8/14/2017,211.61,,
8/15/2017,209.99,,
8/16/2017,212.11,,
8/17/2017,208.0,,
8/18/2017,210.02,,
8/21/2017,209.35,,
8/22/2017,209.13,,
8/23/2017,207.95,,
8/24/2017,206.81,,
8/25/2017,204.68,,
8/28/2017,204.39,,
8/29/2017,204.2,,
8/30/2017,201.04,,
8/31/2017,202.34,,
9/1/2017,201.72,,
9/4/2017,201.7,,
9/5/2017,200.88,,
9/6/2017,202.57,,
9/8/2017,201.47,,
9/11/2017,200.45,,
9/12/2017,198.55,,
9/13/2017,197.67,,
9/14/2017,195.41,,
9/15/2017,192.69,,
9/18/2017,189.42,,
9/19/2017,189.05,,
9/20/2017,189.09,,
9/21/2017,189.39,,
9/22/2017,189.1,,
9/25/2017,187.41,,
9/26/2017,185.6,,
9/27/2017,184.81,,
9/28/2017,186.57,,
9/29/2017,186.86,,
10/2/2017,186.43,,
10/3/2017,187.35,,
10/4/2017,188.43,,
10/5/2017,185.84,,
10/6/2017,184.68,,
10/9/2017,182.59,,
10/10/2017,184.54,,
10/11/2017,185.18,,
10/13/2017,186.95,,
10/16/2017,186.59,,
10/17/2017,189.51,,
10/18/2017,189.83,,
10/19/2017,189.38,,
10/20/2017,190.27,,
10/23/2017,188.48,,
10/24/2017,188.85,,
10/25/2017,192.65,,
10/26/2017,189.0,,
10/27/2017,192.31,,
10/30/2017,190.0,,
10/31/2017,190.9,,
11/1/2017,192.09,,
11/3/2017,190.46,,
11/6/2017,193.05,,
11/7/2017,192.51,,
11/8/2017,193.9,,
11/9/2017,196.4,,
11/10/2017,195.0,,
11/13/2017,194.94,,
11/14/2017,193.17,,
11/16/2017,195.16,,
11/17/2017,197.11,,
11/20/2017,196.55,,
11/21/2017,198.35,,
11/22/2017,199.56,,
11/23/2017,199.59,,
11/24/2017,199.69,,
11/27/2017,201.08,,
11/28/2017,201.08,,
11/29/2017,199.64,,
11/30/2017,197.74,,
12/1/2017,198.92,,
12/4/2017,200.72,,
12/5/2017,201.11,,
12/6/2017,200.46,,
12/7/2017,197.94,,
12/8/2017,196.35,,
12/11/2017,196.01,,
12/12/2017,195.84,,
12/13/2017,199.55,,
12/14/2017,196.26,,
12/15/2017,198.26,,
12/18/2017,198.85,,
12/19/2017,197.83,,
12/20/2017,196.4,,
12/21/2017,197.41,,
12/22/2017,200.75,,
12/26/2017,199.18,,
12/27/2017,203.05,,
12/28/2017,203.66,,
1/2/2018,205.39,,
1/3/2018,203.86,,
1/4/2018,205.27,,
1/5/2018,203.46,,
1/8/2018,207.08,,
1/9/2018,204.66,,
1/10/2018,206.02,,
1/11/2018,206.0,,
1/12/2018,208.57,,
1/15/2018,207.46,,
1/16/2018,205.8,,
1/17/2018,206.23,,
1/18/2018,207.07,,
1/19/2018,208.6,,
1/22/2018,207.78,,
1/23/2018,205.65,,
1/24/2018,210.4,,
1/25/2018,213.06,,
1/26/2018,213.13,,
1/29/2018,211.7,,
1/30/2018,210.52,,
1/31/2018,210.42,,
2/1/2018,211.55,,
2/2/2018,208.3,,
2/5/2018,206.09,,
2/6/2018,206.91,,
2/7/2018,203.85,,
2/8/2018,203.76,,
2/9/2018,202.25,,
2/14/2018,208.13,,
2/15/2018,206.46,,
2/16/2018,208.02,,
2/19/2018,206.89,,
2/20/2018,206.17,,
2/21/2018,205.72,,
2/22/2018,208.88,,
2/23/2018,206.33,,
2/26/2018,208.88,,
2/27/2018,208.67,,
2/28/2018,210.2,,
3/1/2018,209.25,,
3/2/2018,210.74,,
3/5/2018,208.56,,
3/6/2018,211.88,,
3/7/2018,212.03,,
3/8/2018,207.92,,
3/9/2018,207.79,,
3/12/2018,208.6,,
3/13/2018,213.98,,
3/14/2018,215.5,,
3/15/2018,213.15,,
3/16/2018,217.1,,
3/19/2018,216.7,,
3/20/2018,212.53,,
3/21/2018,215.42,,
3/22/2018,210.67,,
3/23/2018,210.89,,
3/26/2018,210.63,,
3/27/2018,213.2,,
3/28/2018,214.73,,
3/29/2018,222.53,,
4/2/2018,221.36,,
4/3/2018,222.74,,
4/4/2018,224.93,,
4/5/2018,224.29,,
4/6/2018,223.64,,
4/9/2018,224.59,,
4/10/2018,227.06,,
4/11/2018,231.05,,
4/12/2018,229.4,,
4/13/2018,229.0,,
4/16/2018,231.1,,
4/17/2018,232.9,,
4/18/2018,236.39,,
4/19/2018,234.99,,
4/20/2018,237.86,,
4/23/2018,231.34,,
4/24/2018,233.31,,
4/25/2018,233.36,,
4/26/2018,234.29,,
4/27/2018,236.08,,
4/30/2018,234.57,,
5/2/2018,235.61,,
5/3/2018,238.33,,
5/4/2018,239.92,,
5/7/2018,239.42,,
5/8/2018,241.24,,
5/9/2018,241.01,,
5/10/2018,247.39,,
5/11/2018,247.51,,
5/14/2018,246.37,,
5/15/2018,251.93,,
5/16/2018,255.05,,
5/17/2018,256.38,,
5/18/2018,254.47,,
5/21/2018,264.93,,
5/22/2018,268.91,,
5/23/2018,273.41,,
5/24/2018,271.41,,
5/25/2018,279.74,,
5/28/2018,275.67,,
5/29/2018,275.28,,
5/30/2018,290.15,,
6/1/2018,272.99,,
6/4/2018,278.0,,
6/5/2018,273.68,,
6/6/2018,269.67,,
6/7/2018,266.47,,
6/8/2018,280.33,,
6/11/2018,280.89,,
6/12/2018,278.88,,
6/13/2018,281.42,,
6/14/2018,277.77,,
6/15/2018,283.83,,
6/18/2018,279.7,,
6/19/2018,281.2,,
6/20/2018,279.49,,
6/21/2018,282.16,,
6/22/2018,281.38,,
6/25/2018,280.17,,
6/26/2018,282.57,,
6/27/2018,277.43,,
6/28/2018,272.5,,
6/29/2018,271.96,,
7/2/2018,266.73,,
7/3/2018,270.16,,
7/4/2018,269.44,,
7/5/2018,268.21,,
7/6/2018,269.58,,
7/9/2018,268.45,,
7/10/2018,267.98,,
7/11/2018,262.74,,
7/12/2018,262.0,,
7/13/2018,263.11,,
7/16/2018,263.31,,
7/17/2018,266.66,,
7/18/2018,267.11,,
7/19/2018,264.74,,
7/20/2018,265.3,,
7/23/2018,273.01,,
7/24/2018,274.46,,
7/25/2018,278.42,,
7/26/2018,274.82,,
7/27/2018,277.85,,
7/30/2018,266.61,,
7/31/2018,262.92,,
8/1/2018,262.85,,
8/2/2018,262.37,,
8/3/2018,267.9,,
8/6/2018,262.77,,
8/7/2018,266.43,,
8/8/2018,266.52,,
8/9/2018,264.23,,
8/10/2018,253.2,,
8/13/2018,246.62,,
8/14/2018,249.89,,
8/15/2018,250.31,,
8/16/2018,254.64,,
8/17/2018,246.47,,
8/20/2018,243.39,,
8/21/2018,241.03,,
8/22/2018,240.27,,
8/23/2018,240.58,,
8/24/2018,239.91,,
8/27/2018,241.25,,
8/28/2018,237.1,,
8/29/2018,236.43,,
8/30/2018,234.74,,
8/31/2018,239.28,,
9/3/2018,233.84,,
9/4/2018,233.43,,
9/5/2018,233.77,,
9/6/2018,234.89,,
9/10/2018,234.5,,
9/11/2018,225.2,,
9/12/2018,215.41,,
9/13/2018,207.59,,
9/14/2018,207.64,,
9/17/2018,210.34,,
9/18/2018,210.22,,
9/19/2018,210.58,,
9/20/2018,214.47,,
9/21/2018,215.87,,
9/24/2018,208.91,,
9/25/2018,207.42,,
9/26/2018,210.48,,
9/27/2018,212.84,,
9/28/2018,209.39,,
10/1/2018,209.56,,
10/2/2018,212.9,,
10/3/2018,213.81,,
10/4/2018,215.06,,
10/5/2018,217.56,,
10/8/2018,223.28,,
10/9/2018,226.78,,
10/10/2018,223.39,,
10/11/2018,222.46,,
10/15/2018,223.4,,
10/16/2018,218.95,,
10/17/2018,219.49,,
10/18/2018,219.02,,
10/19/2018,218.46,,
10/22/2018,218.53,,
10/23/2018,219.29,,
10/24/2018,219.13,,
10/25/2018,221.24,,
10/26/2018,222.42,,
10/29/2018,218.7,,
10/30/2018,220.2,,
10/31/2018,217.86,,
11/1/2018,217.97,,
11/5/2018,217.24,,
11/6/2018,214.81,,
11/7/2018,216.52,,
11/8/2018,217.8,,
11/9/2018,216.36,,
11/12/2018,217.25,,
11/13/2018,215.34,,
11/14/2018,216.88,,
11/16/2018,220.59,,
11/19/2018,217.81,,
11/20/2018,217.45,,
11/21/2018,218.56,,
11/22/2018,217.62,,
11/23/2018,215.95,,
11/26/2018,211.82,,
11/27/2018,210.39,,
11/28/2018,214.41,,
11/29/2018,214.74,,
11/30/2018,215.66,,
12/3/2018,217.71,,
12/4/2018,215.4,,
12/5/2018,212.91,,
12/6/2018,210.05,,
12/7/2018,214.86,,
12/10/2018,210.64,,
12/11/2018,212.37,,
12/12/2018,220.55,,
12/13/2018,218.0,,
12/14/2018,216.88,,
12/17/2018,216.2,,
12/18/2018,215.06,,
12/19/2018,216.84,,
12/20/2018,217.92,,
12/21/2018,216.82,,
12/26/2018,214.51,,
12/27/2018,215.82,,
12/28/2018,218.05,,
1/2/2019,220.36,,
1/3/2019,224.75,,
1/4/2019,227.2,,
1/7/2019,228.86,,
1/8/2019,232.11,,
1/9/2019,234.16,,
1/10/2019,234.05,,
1/11/2019,233.29,,
1/14/2019,232.94,,
1/15/2019,231.29,,
1/16/2019,232.24,,
1/17/2019,231.16,,
1/18/2019,229.74,,
1/21/2019,229.9,,
1/22/2019,228.81,,
1/23/2019,230.49,,
1/24/2019,231.04,,
1/25/2019,230.96,,
1/28/2019,229.86,,
1/29/2019,233.71,,
1/30/2019,237.99,,
1/31/2019,242.21,,
2/1/2019,241.85,,
2/4/2019,241.64,,
2/5/2019,241.37,,
2/6/2019,241.31,,
2/7/2019,240.55,,
2/8/2019,238.86,,
2/11/2019,237.75,,
2/12/2019,241.06,,
2/13/2019,240.67,,
2/14/2019,240.59,,
2/15/2019,244.0,,
2/18/2019,242.03,,
2/19/2019,243.31,,
2/20/2019,242.53,,
2/21/2019,241.01,,
2/22/2019,242.14,,
2/25/2019,242.31,,
2/26/2019,240.28,,
2/27/2019,242.02,,
2/28/2019,240.07,,
3/1/2019,238.73,,
3/6/2019,233.51,,
3/7/2019,231.92,,
3/8/2019,233.73,,
3/11/2019,235.21,,
3/12/2019,238.07,,
3/13/2019,238.1,,
3/14/2019,234.88,,
3/15/2019,237.25,,
3/18/2019,239.08,,
3/19/2019,238.2,,
3/20/2019,240.96,,
3/21/2019,238.48,,
3/22/2019,231.06,,
3/25/2019,233.74,,
3/26/2019,232.8,,
3/27/2019,227.89,,
3/28/2019,230.57,,
3/29/2019,229.83,,
4/1/2019,232.69,,
4/2/2019,233.48,,
4/3/2019,232.51,,
4/4/2019,232.95,,
4/5/2019,232.46,,
4/8/2019,233.55,,
4/9/2019,232.35,,
4/10/2019,234.71,,
4/11/2019,231.04,,
4/12/2019,229.17,,
4/15/2019,230.39,,
4/16/2019,228.93,,
4/17/2019,225.32,,
4/18/2019,226.22,,
4/22/2019,226.16,,
4/23/2019,225.65,,
4/24/2019,221.09,,
4/25/2019,222.75,,
4/26/2019,223.82,,
4/29/2019,223.96,,
4/30/2019,225.09,,
5/2/2019,223.15,,
5/3/2019,221.83,,
5/6/2019,218.58,,
5/7/2019,216.81,,
5/8/2019,220.03,,
5/9/2019,221.29,,
5/10/2019,220.89,,
5/13/2019,215.7,,
5/14/2019,215.76,,
5/15/2019,219.15,,
5/16/2019,215.59,,
5/17/2019,212.32,,
5/20/2019,212.45,,
5/21/2019,214.72,,
5/22/2019,215.13,,
5/23/2019,214.95,,
5/24/2019,215.63,,
5/27/2019,214.69,,
5/28/2019,215.24,,
5/29/2019,217.19,,
5/30/2019,217.64,,
5/31/2019,222.37,,
6/3/2019,224.08,,
6/4/2019,225.69,,
6/5/2019,224.1,,
6/6/2019,224.79,,
6/7/2019,225.19,,
6/10/2019,224.06,,
6/11/2019,226.31,,
6/12/2019,225.6,,
6/13/2019,225.91,,
6/14/2019,224.86,,
6/17/2019,222.83,,
6/18/2019,223.57,,
6/19/2019,224.91,,
6/21/2019,226.88,,
6/24/2019,225.81,,
6/25/2019,223.73,,
6/26/2019,223.95,,
6/27/2019,225.36,,
6/28/2019,224.66,,
7/1/2019,225.7,,
7/2/2019,226.73,,
7/3/2019,227.47,,
7/4/2019,229.19,,
7/5/2019,228.23,,
7/8/2019,228.64,,
7/9/2019,229.57,,
7/10/2019,232.46,,
7/11/2019,232.99,,
7/12/2019,233.65,,
7/15/2019,232.05,,
7/16/2019,231.88,,
7/17/2019,232.64,,
7/18/2019,233.87,,
7/19/2019,232.92,,
7/22/2019,232.88,,
7/23/2019,231.01,,
7/24/2019,233.46,,
7/25/2019,232.54,,
7/26/2019,233.69,,
7/29/2019,232.78,,
7/30/2019,229.0,,
7/31/2019,229.16,,
8/1/2019,226.36,,
8/2/2019,223.84,,
8/5/2019,221.06,,
8/6/2019,217.87,,
8/7/2019,215.83,,
8/8/2019,217.43,,
8/9/2019,216.65,,
8/12/2019,216.03,,
8/13/2019,217.11,,
8/14/2019,213.85,,
8/15/2019,231.04,,
8/16/2019,228.9,,
8/19/2019,225.98,,
8/20/2019,226.02,,
8/21/2019,229.61,,
8/22/2019,225.43,,
8/23/2019,219.26,,
8/26/2019,215.79,,
8/27/2019,215.15,,
8/28/2019,213.77,,
8/29/2019,213.71,,
8/30/2019,214.52,,
9/2/2019,213.72,,
9/3/2019,211.55,,
9/4/2019,214.17,,
9/5/2019,214.11,,
9/6/2019,216.9,,
9/9/2019,213.78,,
9/10/2019,212.88,,
9/11/2019,214.04,,
9/12/2019,214.64,,
9/13/2019,211.45,,
9/16/2019,212.82,,
9/17/2019,212.02,,
9/18/2019,209.34,,
9/19/2019,206.15,,
9/20/2019,204.54,,
9/23/2019,201.73,,
9/24/2019,200.95,,
9/25/2019,201.99,,
9/26/2019,201.4,,
9/27/2019,200.98,,
9/30/2019,200.64,,
10/1/2019,200.78,,
10/2/2019,202.51,,
10/3/2019,203.82,,
10/4/2019,205.48,,
10/7/2019,202.96,,
10/8/2019,203.08,,
10/9/2019,203.22,,
10/10/2019,201.97,,
10/11/2019,204.07,,
10/14/2019,202.14,,
10/15/2019,200.07,,
10/16/2019,199.44,,
10/17/2019,200.44,,
10/18/2019,202.95,,
10/21/2019,202.14,,
10/22/2019,204.08,,
10/23/2019,205.44,,
10/24/2019,206.25,,
10/25/2019,207.16,,
10/28/2019,208.37,,
10/29/2019,208.77,,
10/30/2019,208.17,,
10/31/2019,206.66,,
11/1/2019,207.05,,
11/4/2019,206.26,,
11/5/2019,206.38,,
11/6/2019,202.23,,
11/7/2019,202.78,,
11/8/2019,199.67,,
11/11/2019,201.13,,
11/12/2019,199.99,,
11/13/2019,201.76,,
11/14/2019,201.8,,
11/18/2019,204.94,,
11/19/2019,205.41,,
11/20/2019,206.06,,
11/21/2019,206.12,,
11/22/2019,206.3,,
11/25/2019,206.33,,
11/26/2019,204.41,,
11/27/2019,204.56,,
11/28/2019,206.97,,
11/29/2019,205.51,,
12/2/2019,208.33,,
12/3/2019,208.37,,
12/4/2019,208.17,,
12/5/2019,208.49,,
12/6/2019,210.32,,
12/9/2019,210.71,,
12/10/2019,210.24,,
12/11/2019,211.71,,
12/12/2019,214.2,,
12/13/2019,213.21,,
12/16/2019,215.18,,
12/17/2019,215.26,,
12/18/2019,215.56,,
12/19/2019,216.27,,
12/20/2019,214.05,,
12/23/2019,215.21,,
12/26/2019,215.84,,
12/27/2019,216.64,,
12/30/2019,218.37,,
1/2/2020,217.99,,
1/3/2020,216.38,,
1/6/2020,214.34,,
1/7/2020,215.71,,
1/8/2020,219.12,,
1/9/2020,216.45,,
1/10/2020,216.67,,
1/13/2020,216.74,,
1/14/2020,216.63,,
1/15/2020,213.67,,
1/16/2020,212.51,,
1/17/2020,217.07,,
1/20/2020,213.16,,
1/21/2020,216.45,,
1/22/2020,220.37,,
1/23/2020,218.69,,
1/24/2020,222.29,,
1/27/2020,223.03,,
1/28/2020,227.07,,
1/29/2020,228.19,,
1/30/2020,227.45,,
1/31/2020,227.52,,
2/3/2020,224.57,,
2/4/2020,223.37,,
2/5/2020,224.58,,
2/6/2020,224.04,,
2/7/2020,221.49,,
2/10/2020,220.62,,
2/11/2020,221.68,,
2/12/2020,220.54,,
2/13/2020,224.29,,
2/14/2020,227.27,,
2/17/2020,227.54,,
2/18/2020,226.87,,
2/19/2020,225.87,,
2/20/2020,225.35,,
2/21/2020,225.64,,
2/26/2020,224.97,,
2/27/2020,222.15,,
2/28/2020,220.27,,
3/2/2020,219.73,,
3/3/2020,221.51,,
3/4/2020,218.47,,
3/5/2020,216.64,,
3/6/2020,218.45,,
3/9/2020,213.55,,
3/10/2020,220.27,,
3/11/2020,214.74,,
3/12/2020,212.42,,
3/13/2020,210.65,,
3/16/2020,204.3,,
3/17/2020,206.66,,
3/18/2020,197.72,,
3/19/2020,203.62,,
3/20/2020,208.41,,
3/23/2020,205.82,,
3/24/2020,212.97,,
3/25/2020,216.23,,
3/26/2020,225.51,,
3/27/2020,223.05,,
3/30/2020,216.16,,
3/31/2020,215.55,,
4/1/2020,216.17,,
4/2/2020,217.54,,
4/3/2020,214.35,,
4/6/2020,216.15,,
4/7/2020,220.42,,
4/8/2020,223.58,,
4/9/2020,225.9,,
4/13/2020,226.3,,
4/14/2020,219.6,,
4/15/2020,218.81,,
4/16/2020,218.68,,
4/17/2020,222.94,,
4/20/2020,223.7,,
4/22/2020,222.37,,
4/23/2020,218.91,,
4/24/2020,215.58,,
4/27/2020,212.61,,
4/28/2020,220.97,,
4/29/2020,230.22,,
4/30/2020,223.49,,
5/4/2020,220.36,,
5/5/2020,218.09,,
5/6/2020,218.09,,
5/7/2020,212.1,,
5/8/2020,217.16,,
5/11/2020,214.2,,
5/12/2020,212.76,,
5/13/2020,211.05,,
5/14/2020,214.27,,
5/15/2020,214.03,,
5/18/2020,223.12,,
5/19/2020,222.03,,
5/20/2020,226.68,,
5/21/2020,231.68,,
5/22/2020,230.86,,
5/25/2020,237.36,,
5/26/2020,242.96,,
5/27/2020,245.2,,
5/28/2020,241.67,,
5/29/2020,242.36,,
6/1/2020,239.34,,
6/2/2020,244.35,,
6/3/2020,252.05,,
6/4/2020,250.66,,
6/5/2020,256.77,,
6/8/2020,259.31,,
6/9/2020,252.63,,
6/10/2020,251.71,,
6/12/2020,244.34,,
6/15/2020,239.62,,
6/16/2020,234.09,,
6/17/2020,232.14,,
6/18/2020,226.78,,
6/19/2020,230.34,,
6/22/2020,231.82,,
6/23/2020,238.49,,
6/24/2020,231.98,,
6/25/2020,233.24,,
6/26/2020,231.22,,
6/29/2020,230.7,,
6/30/2020,229.0,,
7/1/2020,233.82,,
7/2/2020,230.22,,
7/3/2020,231.39,,
7/6/2020,229.04,,
7/7/2020,226.8,,
7/8/2020,228.14,,
7/9/2020,229.11,,
7/10/2020,230.74,,
7/13/2020,227.79,,
7/14/2020,228.92,,
7/15/2020,227.74,,
7/16/2020,231.59,,
7/17/2020,226.53,,
7/20/2020,228.69,,
7/21/2020,235.72,,
7/22/2020,238.43,,
7/23/2020,234.24,,
7/24/2020,234.05,,
7/27/2020,237.31,,
7/28/2020,239.31,,
7/29/2020,237.82,,
7/30/2020,238.66,,
7/31/2020,236.99,,
8/3/2020,231.26,,
8/4/2020,233.99,,
8/5/2020,234.58,,
8/6/2020,230.86,,
8/7/2020,228.57,,
8/10/2020,225.57,,
8/11/2020,228.05,,
8/12/2020,222.26,,
8/13/2020,225.44,,
8/14/2020,222.66,,
8/17/2020,219.32,,
8/18/2020,221.08,,
8/19/2020,217.53,,
8/20/2020,214.06,,
8/21/2020,212.46,,
8/24/2020,214.73,,
8/25/2020,216.49,,
8/26/2020,212.61,,
8/27/2020,213.65,,
8/28/2020,220.13,,
8/31/2020,216.56,,
9/1/2020,219.45,,
9/2/2020,221.14,,
9/3/2020,222.49,,
9/4/2020,221.05,,
9/8/2020,215.88,,
9/9/2020,217.35,,
9/10/2020,215.73,,
9/11/2020,214.16,,
9/14/2020,218.43,,
9/15/2020,218.35,,
9/16/2020,218.29,,
9/17/2020,217.9,,
9/18/2020,213.5,,
9/21/2020,211.17,,
9/22/2020,209.37,,
9/23/2020,206.69,,
9/24/2020,209.44,,
9/25/2020,210.5,,
9/28/2020,207.85,,
9/29/2020,208.09,,
9/30/2020,209.48,,
10/1/2020,209.98,,
10/2/2020,209.82,,
10/5/2020,215.22,,
10/6/2020,215.6,,
10/7/2020,216.86,,
10/8/2020,219.47,,
10/9/2020,222.04,,
10/13/2020,222.65,,
10/14/2020,223.68,,
10/15/2020,223.67,,
10/16/2020,224.41,,
10/19/2020,228.24,,
10/20/2020,229.48,,
10/21/2020,234.14,,
10/22/2020,236.08,,
10/23/2020,235.9,,
10/26/2020,238.85,,
10/27/2020,239.86,,
10/28/2020,243.31,,
10/29/2020,247.54,,
10/30/2020,248.88,,
11/3/2020,250.8,,
11/4/2020,256.43,,
11/5/2020,262.54,,
11/6/2020,270.45,,
11/9/2020,266.94,,
11/10/2020,266.99,,
11/11/2020,261.49,,
11/12/2020,257.94,,
11/13/2020,256.82,,
11/16/2020,258.54,,
11/17/2020,263.34,,
11/18/2020,263.78,,
11/19/2020,263.19,,
11/20/2020,260.45,,
11/23/2020,254.29,,
11/24/2020,253.46,,
11/25/2020,252.98,,
11/26/2020,250.24,,
11/27/2020,250.21,,
11/30/2020,249.24,,
12/1/2020,255.77,,
12/2/2020,253.87,,
12/3/2020,258.75,,
12/4/2020,257.93,,
12/7/2020,260.58,,
12/8/2020,256.57,,
12/9/2020,253.97,,
12/10/2020,260.99,,
12/11/2020,257.77,,
12/14/2020,254.48,,
12/15/2020,254.7,,
12/16/2020,250.75,,
12/17/2020,255.91,,
12/18/2020,257.86,,
12/21/2020,256.0,,
12/22/2020,254.07,,
12/23/2020,252.43,,
12/28/2020,250.41,,
12/29/2020,253.13,,
12/30/2020,253.28,,
1/4/2021,249.66,,
1/5/2021,253.55,,
1/6/2021,256.58,,
1/7/2021,252.16,,
1/8/2021,252.48,,
1/11/2021,251.36,,
1/12/2021,263.29,,
1/13/2021,266.42,,
1/14/2021,272.53,,
1/15/2021,269.26,,
1/18/2021,267.99,,
1/19/2021,265.24,,
1/20/2021,269.43,,
1/21/2021,268.79,,
1/22/2021,261.45,,
1/25/2021,259.89,,
1/26/2021,269.22,,
1/27/2021,270.46,,
1/28/2021,271.49,,
1/29/2021,269.4,,
2/1/2021,273.05,,
2/2/2021,277.61,,
2/3/2021,278.55,,
2/4/2021,274.34,,
2/5/2021,276.77,,
2/8/2021,278.05,,
2/9/2021,277.44,,
2/10/2021,275.93,,
2/11/2021,275.9,,
2/12/2021,276.97,,
2/17/2021,274.19,,
2/18/2021,274.43,0.09,1.87
2/19/2021,276.53,0.77,2.65
2/22/2021,275.57,-0.35,2.29
2/23/2021,272.6,-1.08,1.19
2/24/2021,271.43,-0.43,0.75
2/25/2021,270.93,-0.18,0.57
2/26/2021,268.84,-0.77,-0.21
3/1/2021,267.26,-0.59,-0.59
3/2/2021,263.72,-1.32,-1.9
3/3/2021,260.58,-1.19,-3.07
3/4/2021,264.77,1.61,-1.51
3/5/2021,266.15,0.52,-1.0
3/8/2021,263.69,-0.92,-1.92
3/9/2021,262.81,-0.33,-2.24
3/10/2021,267.95,1.96,-0.33
3/11/2021,273.66,2.13,1.79
3/12/2021,270.39,-1.19,0.58
3/15/2021,263.97,-2.37,-1.81
3/16/2021,270.0,2.28,0.43
3/17/2021,272.76,1.02,1.46
3/18/2021,275.88,1.14,2.62
3/19/2021,279.33,1.25,3.9
3/22/2021,275.68,-1.31,2.54
3/23/2021,277.45,0.64,3.2
3/24/2021,273.46,-1.44,1.72
3/25/2021,272.54,-0.34,1.38
3/26/2021,268.31,-1.55,-0.2
3/29/2021,268.2,-0.04,-0.24
3/30/2021,270.6,0.89,0.65
3/31/2021,275.83,1.93,2.6
4/1/2021,274.91,-0.33,-0.33
4/5/2021,277.05,0.78,0.44
4/6/2021,281.82,1.72,2.17
4/7/2021,279.56,-0.8,1.35
4/8/2021,284.38,1.72,3.1
4/9/2021,279.21,-1.82,1.23
4/12/2021,278.92,-0.1,1.12
4/13/2021,279.72,0.29,1.41
4/14/2021,283.24,1.26,2.69
4/15/2021,287.16,1.38,4.11
4/16/2021,286.88,-0.1,4.01
4/19/2021,289.06,0.76,4.8
4/20/2021,289.7,0.22,5.03
4/22/2021,294.72,1.73,6.85
4/23/2021,294.34,-0.13,6.71
4/26/2021,295.44,0.37,7.11
4/27/2021,297.92,0.84,8.01
4/28/2021,306.45,2.86,11.1
4/29/2021,308.3,0.6,11.77
4/30/2021,303.59,-1.53,10.06
5/3/2021,303.54,-0.02,-0.02
5/4/2021,304.17,0.21,0.19
5/5/2021,310.69,2.14,2.34
5/6/2021,314.3,1.16,3.53
5/7/2021,318.61,1.37,4.95
5/10/2021,316.05,-0.8,4.1
5/11/2021,317.53,0.47,4.59
5/12/2021,314.07,-1.09,3.45
5/13/2021,314.39,0.1,3.56
